股票代码,股票名,行业分类,二级行业,买入日期,卖出日期,买入价格(前复权),卖出价格(前复权),涨幅,相对收益(999999)
300534,陇神戎发,医药生物,中药,2025-12-30,2026-02-05,9.53,10.21,0.0714,-0.0601976032174404
603172,万丰股份,基础化工,化学制品,2025-04-29,2025-05-09,14.45,15,0.0378,-0.0336920584316952
301257,普蕊斯,医药生物,医疗服务,2025-04-29,2025-05-09,27.19,28.2,0.0373,-0.0341920584316952
600202,哈空调,机械设备,通用设备,2025-01-03,2025-05-09,4.29,5.23,0.2186,-0.0902683460846191
688638,誉辰智能,电力设备,电池,2025-04-29,2025-05-09,28.15,30.55,0.0853,0.0138079415683049
600228,返利科技,传媒,数字媒体,2025-03-31,2025-05-09,5.09,3.31,-0.3497,-0.44396571571189
301372,科净源,环保,环境治理,2025-04-22,2025-04-29,16.56,18.25,0.1021,0.0925560931050199
001373,翔腾新材,电子,光学光电子,2025-04-15,2025-04-29,27.26,27.47,0.0077,-0.0110712847433517
301353,普莱得,机械设备,通用设备,2025-04-22,2025-04-29,20.52,21.99,0.0716,0.0620560931050199
001336,楚环科技,环保,环保设备,2025-04-08,2025-04-29,16.57,19.01,0.1475,0.00868295773721764
301287,康力源,轻工制造,文娱用品,2025-04-22,2025-04-29,29.62,31.29,0.0563,0.0467560931050199
600857,宁波中百,商贸零售,一般零售,2025-04-08,2025-04-22,8.65,10.09,0.1665,0.0384489717238718
301588,美新科技,轻工制造,家居用品,2025-04-15,2025-04-22,16.25,16.33,0.0055,-0.00364014515401496
301170,锡南科技,汽车,汽车零部件,2025-04-08,2025-04-22,20.31,22.54,0.11,-0.0180510282761282
301446,福事特,机械设备,工程机械,2025-03-31,2025-04-15,21.74,19.58,-0.0991,-0.101537121413121
688693,锴威特,电子,半导体,2025-04-08,2025-04-15,27.69,32.06,0.1578,0.0399661355034438
301372,科净源,环保,环境治理,2025-03-24,2025-04-15,20.5,17.19,-0.1615,-0.143313985594641
301287,康力源,轻工制造,文娱用品,2025-04-08,2025-04-15,25.55,31.57,0.2358,0.117966135503444
301353,普莱得,机械设备,通用设备,2025-03-24,2025-04-08,22.22,18.51,-0.1669,-0.0452183411935948
600455,博通股份,计算机,软件开发,2025-03-24,2025-04-08,22.16,20.58,-0.0713,0.0503816588064052
603137,恒尚节能,建筑装饰,装修装饰,2025-03-31,2025-04-08,11.63,11.08,-0.047,0.0562324630238384
002486,嘉麟杰,纺织服饰,服装家纺,2025-03-17,2025-04-08,2.36,1.75,-0.2585,-0.0960374305843062
603172,万丰股份,基础化工,化学制品,2025-03-31,2025-04-08,14.32,12.31,-0.1409,-0.0376675369761616
688450,光格科技,机械设备,通用设备,2025-03-24,2025-03-31,24.45,23.36,-0.0446,-0.0240270030728629
300517,海波重科,建筑装饰,专业工程,2025-03-17,2025-03-31,9.78,9.16,-0.0638,0.00224845062921816
000586,汇源通信,通信,通信设备,2024-07-09,2025-03-31,7.36,9.43,0.2812,-0.44628105264456
001373,翔腾新材,电子,光学光电子,2025-03-24,2025-03-31,29.26,28.94,-0.0109,0.0096729969271371
600857,宁波中百,商贸零售,一般零售,2024-12-05,2025-03-24,8.23,8.42,0.0231,-0.00823562870841256
603172,万丰股份,基础化工,化学制品,2025-03-17,2025-03-24,14.81,13.91,-0.0611,-0.0146693282302755
002767,先锋电子,机械设备,通用设备,2025-03-17,2025-03-24,15.93,19.98,0.2542,0.300630671769725
001278,一彬科技,汽车,汽车零部件,2025-03-10,2025-03-24,17.5,16.68,-0.0466,-0.0335281258832953
301287,康力源,轻工制造,文娱用品,2025-03-10,2025-03-24,31.85,30.32,-0.0481,-0.0350281258832953
301372,科净源,环保,环境治理,2025-03-03,2025-03-17,20.48,21.55,0.0522,-0.0261084349997363
600228,返利科技,传媒,数字媒体,2025-01-24,2025-03-17,4.57,6.23,0.3632,0.174325506762218
001373,翔腾新材,电子,光学光电子,2025-02-24,2025-03-17,30.32,31.95,0.0537,-0.0134782583435254
301446,福事特,机械设备,工程机械,2025-03-10,2025-03-17,22.52,22.96,0.0194,-0.0155830858286204
002486,嘉麟杰,纺织服饰,服装家纺,2024-12-19,2025-03-10,2.75,2.3,-0.1636,-0.228473271238802
002767,先锋电子,机械设备,通用设备,2025-03-03,2025-03-10,15.28,16.11,0.0542,0.0123390751555821
301353,普莱得,机械设备,通用设备,2025-02-24,2025-03-10,21.97,22.85,0.0402,0.009093044769781
301446,福事特,机械设备,工程机械,2025-02-24,2025-03-03,21,20.93,-0.0033,0.00702188592331051
600455,博通股份,计算机,软件开发,2024-12-19,2025-03-03,23.75,22.4,-0.0568,-0.0788877334446727
002767,先锋电子,机械设备,通用设备,2025-02-10,2025-02-24,14.85,15.79,0.0631,0.028368262345276
603137,恒尚节能,建筑装饰,装修装饰,2025-02-10,2025-02-24,11.54,10.75,-0.0681,-0.102831737654724
688450,光格科技,机械设备,通用设备,2025-02-17,2025-02-24,24.46,24.76,0.0123,-0.00573652866464733
301257,普蕊斯,医药生物,医疗服务,2025-01-10,2025-02-17,24.72,29.4,0.1892,0.0109463308439614
300517,海波重科,建筑装饰,专业工程,2025-01-24,2025-02-10,8.83,9.02,0.0213,-0.0553418833722573
001373,翔腾新材,电子,光学光电子,2025-01-17,2025-02-10,28.06,29.03,0.0345,-0.0510893930689078
001278,一彬科技,汽车,汽车零部件,2025-01-17,2025-01-24,15.67,16.09,0.0267,0.0183894281795681
002767,先锋电子,机械设备,通用设备,2024-09-19,2025-01-24,11.21,14.1,0.258,-0.191507264040919
301353,普莱得,机械设备,通用设备,2025-01-10,2025-01-17,19.37,20.51,0.059,-0.00884643183055495
301446,福事特,机械设备,工程机械,2025-01-10,2025-01-17,18.9,19.84,0.0499,-0.0179464318305549
600768,宁波富邦,有色金属,工业金属,2024-12-19,2025-01-10,10.04,8.21,-0.1827,-0.04367798655966
301287,康力源,轻工制造,文娱用品,2025-01-03,2025-01-10,26.79,25.9,-0.033,-0.033482955366802
001373,翔腾新材,电子,光学光电子,2024-12-26,2025-01-10,30.34,25.95,-0.1447,-0.0695415048567222
301353,普莱得,机械设备,通用设备,2024-12-26,2025-01-03,21.54,19.21,-0.1082,-0.0325950632998563
001278,一彬科技,汽车,汽车零部件,2024-12-26,2025-01-03,16.95,14.57,-0.1408,-0.0651950632998563
301287,康力源,轻工制造,文娱用品,2024-12-19,2024-12-26,30.86,27.85,-0.0973,-0.028246526554346
301372,科净源,环保,环境治理,2024-12-05,2024-12-26,24.46,20.7,-0.1537,-0.0672688963995756
301257,普蕊斯,医药生物,医疗服务,2024-12-19,2024-12-26,29.14,28.2,-0.0321,0.0369534734456541
001373,翔腾新材,电子,光学光电子,2024-11-14,2024-12-19,28.55,29.71,0.0405,-0.0175966708110005
600202,哈空调,机械设备,通用设备,2024-11-21,2024-12-19,4.99,4.98,-0.002,-0.0430719605943188
603137,恒尚节能,建筑装饰,装修装饰,2024-12-12,2024-12-19,12.68,11.05,-0.1286,-0.0564081167674183
688450,光格科技,机械设备,通用设备,2024-12-12,2024-12-19,27.35,24.18,-0.1159,-0.0437081167674183
001278,一彬科技,汽车,汽车零部件,2024-12-05,2024-12-19,17.63,18.18,0.031,0.0496666254817977
002486,嘉麟杰,纺织服饰,服装家纺,2024-08-27,2024-12-12,1.48,3.1,1.0946,0.343085450261557
301257,普蕊斯,医药生物,医疗服务,2024-12-05,2024-12-12,30.18,31.73,0.0514,-0.00629000807760949
600768,宁波富邦,有色金属,工业金属,2024-11-28,2024-12-05,9.51,9.97,0.0487,0.00427015736147477
600455,博通股份,计算机,软件开发,2024-10-17,2024-12-05,21.1,24.05,0.1398,-0.146425086465174
603137,恒尚节能,建筑装饰,装修装饰,2024-11-28,2024-12-05,11.41,11.69,0.0244,-0.0200298426385252
301287,康力源,轻工制造,文娱用品,2024-11-28,2024-12-05,29.89,30.34,0.0151,-0.0293298426385252
300517,海波重科,建筑装饰,专业工程,2024-09-26,2024-12-05,8.33,9.8,0.1758,-0.299926731678043
301372,科净源,环保,环境治理,2024-11-21,2024-11-28,23.59,24.24,0.0276,0.011854497514556
603172,万丰股份,基础化工,化学制品,2024-11-21,2024-11-28,14.73,14.63,-0.0067,-0.022445502485444
600857,宁波中百,商贸零售,一般零售,2024-11-14,2024-11-28,7.25,7.66,0.0566,0.0242439523377935
600768,宁波富邦,有色金属,工业金属,2024-11-14,2024-11-21,9.85,9.57,-0.028,-0.0443530580604272
301446,福事特,机械设备,工程机械,2024-11-07,2024-11-21,21.56,21.98,0.0198,-0.00413208530957103
001336,楚环科技,环保,环保设备,2024-11-14,2024-11-21,19.24,19.45,0.0108,-0.00555305806042719
600202,哈空调,机械设备,通用设备,2024-10-31,2024-11-14,4.83,4.72,-0.0227,-0.0772331739025257
301372,科净源,环保,环境治理,2024-11-07,2024-11-14,24.32,23.73,-0.0243,-0.0317570811678447
001278,一彬科技,汽车,汽车零部件,2024-10-10,2024-11-14,15.98,16.52,0.0336,-0.154063759641801
603172,万丰股份,基础化工,化学制品,2024-10-10,2024-11-14,13.95,14.92,0.0698,-0.117863759641801
600768,宁波富邦,有色金属,工业金属,2024-10-17,2024-11-07,8.45,9.89,0.1702,-0.0138816294634722
001373,翔腾新材,电子,光学光电子,2024-10-31,2024-11-07,28.16,28.1,-0.0021,-0.0488276409235322
301372,科净源,环保,环境治理,2024-10-10,2024-10-31,22.9,23.25,0.0153,-0.110945991149427
300621,维业股份,建筑装饰,装修装饰,2024-10-24,2024-10-31,10.16,14.98,0.4749,0.416295803724563
001373,翔腾新材,电子,光学光电子,2024-09-10,2024-10-24,24.79,28.25,0.1399,-0.175148184839245
300621,维业股份,建筑装饰,装修装饰,2024-09-19,2024-10-17,7.28,10.61,0.4568,0.21802713948426
301287,康力源,轻工制造,文娱用品,2024-10-10,2024-10-17,28.16,26.79,-0.0488,-0.0444009620296129
600455,博通股份,计算机,软件开发,2024-06-18,2024-10-10,15.21,18.86,0.24,-0.0400501223181136
688693,锴威特,电子,半导体,2024-09-19,2024-10-10,22.83,30.5,0.336,0.0917536525573443
600202,哈空调,机械设备,通用设备,2024-09-26,2024-10-10,3.95,4.27,0.0806,-0.07180109134917
600768,宁波富邦,有色金属,工业金属,2024-08-20,2024-10-10,6.93,8.29,0.196,-0.0784118832615958
688080,映翰通,通信,通信设备,2024-09-19,2024-09-26,23.2,25.36,0.0931,0.0134009639760422
600857,宁波中百,商贸零售,一般零售,2024-09-10,2024-09-26,5.44,5.92,0.0882,0.0155986028755867
301372,科净源,环保,环境治理,2024-07-09,2024-09-19,24.56,18.21,-0.2586,-0.331928200367076
600202,哈空调,机械设备,通用设备,2024-08-20,2024-09-19,3.54,3.68,0.0423,0.0180559780015104
300517,海波重科,建筑装饰,专业工程,2024-09-03,2024-09-19,8.6,8.17,-0.0505,-0.0463563956525445
001278,一彬科技,汽车,汽车零部件,2024-09-03,2024-09-19,13.99,13.31,-0.0483,-0.0441563956525445
300621,维业股份,建筑装饰,装修装饰,2024-08-13,2024-09-10,7.81,7.24,-0.0729,-0.0812168919433883
001336,楚环科技,环保,环保设备,2024-06-18,2024-09-10,20.12,15.48,-0.2306,-0.266183104277728
301287,康力源,轻工制造,文娱用品,2024-08-27,2024-09-03,23.45,24.12,0.0285,-0.0151382140997411
600857,宁波中百,商贸零售,一般零售,2024-08-27,2024-09-03,5.19,5.37,0.0347,-0.00893821409974111
001373,翔腾新材,电子,光学光电子,2024-08-13,2024-08-27,23.99,25.34,0.0565,0.0927020511568513
688080,映翰通,通信,通信设备,2024-08-06,2024-08-27,23.73,23.22,-0.0214,0.00859328439812366
300517,海波重科,建筑装饰,专业工程,2024-08-06,2024-08-27,8.67,8.72,0.0057,0.0356932843981237
002767,先锋电子,机械设备,通用设备,2024-07-02,2024-08-20,11.75,11.61,-0.0119,-0.0102998439810875
002486,嘉麟杰,纺织服饰,纺织制造,2024-07-23,2024-08-20,1.43,1.46,0.021,-0.0291482487246638
301287,康力源,轻工制造,文娱用品,2024-07-23,2024-08-13,24.61,25.25,0.0263,-0.0474949639710203
600857,宁波中百,商贸零售,一般零售,2024-08-06,2024-08-13,5.87,5.53,-0.0579,-0.0643419796350261
600202,哈空调,机械设备,通用设备,2024-07-30,2024-08-06,3.57,3.65,0.0223,-0.00772879546893422
001373,翔腾新材,电子,光学光电子,2024-06-11,2024-08-06,25.34,24.74,-0.0238,-0.0844919947511133
300621,维业股份,建筑装饰,装修装饰,2024-07-30,2024-08-06,7.26,7.45,0.0261,-0.00392879546893422
688671,碧兴物联,环保,环保设备,2024-07-02,2024-07-30,19.5,18.03,-0.0755,-0.0602752963147378
600768,宁波富邦,有色金属,工业金属,2024-07-23,2024-07-30,6.34,6.57,0.0357,-0.000117522455285686
300517,海波重科,建筑装饰,专业工程,2024-06-25,2024-07-23,8.16,10.15,0.2446,0.242025835074322
600202,哈空调,机械设备,通用设备,2024-07-16,2024-07-23,3.45,3.39,-0.0173,-0.0140741616331548
300621,维业股份,建筑装饰,装修装饰,2024-06-18,2024-07-23,7.56,7.02,-0.0713,-0.0277594239302703
002486,嘉麟杰,纺织服饰,纺织制造,2024-06-11,2024-07-16,1.58,1.43,-0.0949,-0.0922782654139612
301287,康力源,轻工制造,文娱用品,2024-07-02,2024-07-09,26.37,25.22,-0.0439,0.00335779923407891
688450,光格科技,机械设备,通用设备,2024-06-18,2024-07-09,26.78,21.32,-0.2038,-0.162291047565011
600202,哈空调,机械设备,通用设备,2024-05-13,2024-07-02,4.73,3.66,-0.2274,-0.175796579683522
301446,福事特,机械设备,工程机械,2024-06-25,2024-07-02,16.69,20.11,0.2046,0.150061069670162
000586,汇源通信,通信,通信设备,2024-04-17,2024-07-02,8.69,7.81,-0.1013,-0.135941767497441
688671,碧兴物联,环保,环保设备,2024-06-18,2024-06-25,21.59,21.12,-0.0221,0.0238963388332739
301372,科净源,环保,环境治理,2024-05-27,2024-06-25,25.85,27.75,0.0735,0.189077739422816
300517,海波重科,建筑装饰,专业工程,2024-05-20,2024-06-18,9,8.75,-0.0274,0.0810251667348922
002767,先锋电子,机械设备,通用设备,2024-05-06,2024-06-18,13.03,13.75,0.055,0.139363831909627
600768,宁波富邦,有色金属,工业金属,2024-06-11,2024-06-18,7.07,7.18,0.0153,-0.0241177311296058
600857,宁波中百,商贸零售,一般零售,2024-06-11,2024-06-18,5.85,5.96,0.0195,-0.0199177311296058
688693,锴威特,电子,半导体,2024-05-27,2024-06-18,22.81,41.22,0.807,0.879936198698069
300621,维业股份,建筑装饰,装修装饰,2024-06-03,2024-06-11,7.91,7.48,-0.0542,0.0132726035905939
001336,楚环科技,环保,环保设备,2024-06-03,2024-06-11,19.34,18.79,-0.0286,0.0388726035905939
301353,普莱得,机械设备,通用设备,2024-06-03,2024-06-11,18.62,18.16,-0.0246,0.0428726035905939
603172,万丰股份,基础化工,化学制品,2024-04-17,2024-06-11,12.27,16.87,0.3752,0.38576509584244
002748,世龙实业,基础化工,化学原料,2024-04-24,2024-06-03,6.92,5.08,-0.2659,-0.293767550292803
301446,福事特,机械设备,工程机械,2024-05-20,2024-06-03,18.27,19.07,0.0439,0.124073154842156
001373,翔腾新材,电子,光学光电子,2024-05-06,2024-06-03,29.12,27.84,-0.0438,0.011549370144737
002486,嘉麟杰,纺织服饰,纺织制造,2024-05-06,2024-05-27,2.2,1.99,-0.0955,-0.0831733044742883
300621,维业股份,建筑装饰,装修装饰,2024-04-24,2024-05-27,8.28,9.49,0.1458,0.0711197871522827
600857,宁波中百,商贸零售,一般零售,2024-04-24,2024-05-20,6.59,7.02,0.0659,-0.0515576559748251
301372,科净源,环保,环境治理,2024-05-13,2024-05-20,28.69,27.39,-0.0456,-0.102951825565053
600768,宁波富邦,有色金属,工业金属,2024-05-06,2024-05-13,8.55,8.27,-0.0323,-0.00358262248866437
300517,海波重科,建筑装饰,专业工程,2024-05-06,2024-05-13,8.29,8.3,0.0012,0.0299173775113356
000593,德龙汇能,公用事业,燃气,2024-04-24,2024-05-06,5.05,5.49,0.0871,-0.000992801515720301
002295,精艺股份,有色金属,工业金属,2024-04-24,2024-05-06,5.88,6.45,0.0973,0.0092071984842797
300295,三六五网,传媒,数字媒体,2024-04-17,2024-05-06,7.89,9.8,0.2421,0.118906946885061
002667,威领股份,机械设备,专用设备,2024-04-24,2024-05-06,6.74,7.41,0.0994,0.0113071984842797
301027,华蓝集团,建筑装饰,工程咨询服务,2024-04-10,2024-05-06,8.92,8.57,-0.0391,-0.0407648538201494
300721,怡达股份,基础化工,化学制品,2024-04-10,2024-04-24,10.76,9.84,-0.0856,-0.00616932315407635
300626,华瑞股份,电力设备,电机,2024-04-17,2024-04-24,6.36,6.59,0.0361,0.00384149084496841
600202,哈空调,机械设备,通用设备,2024-04-17,2024-04-24,4.44,4.36,-0.0179,-0.0501585091550316
300883,龙利得,轻工制造,包装印刷,2024-04-17,2024-04-24,4.44,4.58,0.0315,-0.000758509155031589
002696,百洋股份,农林牧渔,饲料,2024-03-25,2024-04-24,4.97,4.47,-0.1006,-0.016525481504231
300854,中兰环保,环保,环境治理,2024-04-17,2024-04-24,10.82,10.87,0.0045,-0.0277585091550316
301209,联合化学,基础化工,化学制品,2024-04-10,2024-04-17,13.72,12.87,-0.0613,0.0468988523324258
301063,海锅股份,电力设备,风电设备,2024-03-25,2024-04-17,15.66,14.38,-0.0817,0.0309975719929172
000593,德龙汇能,公用事业,燃气,2024-04-10,2024-04-17,5.85,4.96,-0.1521,-0.0439011476675743
002295,精艺股份,有色金属,工业金属,2024-03-11,2024-04-17,5.85,7.55,0.2901,0.345087271732899
600768,宁波富邦,有色金属,工业金属,2024-04-10,2024-04-17,10.67,7.96,-0.2546,-0.146401147667574
300966,共同药业,医药生物,化学制药,2024-04-10,2024-04-17,16.29,14.88,-0.0865,0.0216988523324258
301040,中环海陆,电力设备,风电设备,2024-04-01,2024-04-17,14.65,11.34,-0.2259,-0.07087405033411
000586,汇源通信,通信,通信设备,2024-04-01,2024-04-10,10.71,9.7,-0.0943,-0.0417915484736297
688671,碧兴物联,环保,环保设备,2024-04-01,2024-04-10,27.1,23.41,-0.1359,-0.0833915484736297
300295,三六五网,传媒,数字媒体,2024-01-12,2024-04-10,11.83,8.81,-0.2553,-0.087190658521702
603172,万丰股份,基础化工,化学制品,2024-03-25,2024-04-10,13.88,14.6,0.052,0.0570445322617687
600791,京能置业,房地产,房地产开发,2024-04-01,2024-04-10,3.91,3.65,-0.0665,-0.0139915484736297
600692,亚通股份,房地产,房地产开发,2024-03-11,2024-04-10,5.35,5.22,-0.0242,-0.0838675399428417
600455,博通股份,计算机,软件开发,2024-03-25,2024-04-01,20.52,21.1,0.0283,-0.0217942930214672
300626,华瑞股份,电力设备,电机,2024-02-26,2024-04-01,7.17,7.93,0.1072,-0.0213572450289827
000593,德龙汇能,公用事业,燃气,2024-03-25,2024-04-01,5.47,5.67,0.0366,-0.0134942930214672
002667,威领股份,机械设备,专用设备,2024-03-25,2024-04-01,8.2,8.62,0.0512,0.00110570697853283
300854,中兰环保,环保,环境治理,2024-03-18,2024-03-25,12.93,12.15,-0.06,-0.0436623768984624
301288,清研环境,环保,环保设备,2024-03-18,2024-03-25,15.38,14.32,-0.069,-0.0526623768984624
301126,达嘉维康,医药生物,医药商业,2024-03-18,2024-03-25,9.77,9.18,-0.0606,-0.0442623768984624
300721,怡达股份,基础化工,化学制品,2024-03-18,2024-03-25,11.07,10.79,-0.025,-0.00866237689846237
002748,世龙实业,基础化工,化学原料,2024-03-18,2024-03-25,7.91,7.75,-0.021,-0.00466237689846237
002857,三晖电气,电力设备,电网设备,2024-03-18,2024-03-25,13,12.09,-0.0697,-0.0533623768984624
600791,京能置业,房地产,房地产开发,2024-02-02,2024-03-18,4.06,3.75,-0.0764,-0.248246999786963
002012,凯恩股份,轻工制造,造纸,2024-03-04,2024-03-18,4.06,4.38,0.078,-0.039377331562879
000593,德龙汇能,公用事业,燃气,2024-03-11,2024-03-18,5.53,5.65,0.0217,-0.0610293942010627
001259,利仁科技,家用电器,小家电,2024-03-11,2024-03-18,23.62,25.11,0.0628,-0.0199293942010627
688671,碧兴物联,环保,环保设备,2024-03-11,2024-03-18,24.61,25.86,0.051,-0.0317293942010627
301063,海锅股份,电力设备,风电设备,2024-03-11,2024-03-18,16.23,16.61,0.023,-0.0597293942010627
000632,三木集团,综合,综合,2023-11-16,2024-03-11,4.5,3.3,-0.2667,-0.0682613699074119
301027,华蓝集团,建筑装饰,工程咨询服务,2024-03-04,2024-03-11,8.67,8.49,-0.0207,-0.0527005511509944
001336,楚环科技,环保,环保设备,2024-03-04,2024-03-11,18.82,19.84,0.0546,0.0225994488490056
600455,博通股份,计算机,软件开发,2024-03-04,2024-03-11,18.42,19.26,0.0456,0.0135994488490056
300721,怡达股份,基础化工,化学制品,2024-02-26,2024-03-11,10.3,10.07,-0.0221,-0.0311886163138695
688448,磁谷科技,机械设备,通用设备,2024-03-04,2024-03-11,24.56,24.99,0.0177,-0.0143005511509944
000593,德龙汇能,公用事业,燃气,2024-02-19,2024-03-04,4.55,5.65,0.2418,0.0583339021091231
300621,维业股份,建筑装饰,装修装饰,2024-02-26,2024-03-04,8.41,7.91,-0.0593,-0.0370985246116671
300966,共同药业,医药生物,化学制药,2024-02-26,2024-03-04,16.99,19.69,0.1587,0.180901475388333
000586,汇源通信,通信,通信设备,2024-02-02,2024-03-04,8.18,11.9,0.4548,0.406052216520361
001238,浙江正特,轻工制造,文娱用品,2024-02-26,2024-03-04,17.84,17.46,-0.0212,0.00100147538833295
001336,楚环科技,环保,环保设备,2024-02-02,2024-02-26,22.71,20.04,-0.1174,-0.189960202416085
301126,达嘉维康,医药生物,医药商业,2024-02-19,2024-02-26,7.85,9.28,0.1824,-0.0279373732956806
002667,威领股份,机械设备,专用设备,2024-02-02,2024-02-26,7.35,8.19,0.1143,0.0417397975839146
600455,博通股份,计算机,软件开发,2024-02-19,2024-02-26,16.01,18.76,0.1718,-0.0385373732956806
603172,万丰股份,基础化工,化学制品,2024-02-19,2024-02-26,11.67,12.8,0.0974,-0.112937373295681
300621,维业股份,建筑装饰,装修装饰,2024-02-02,2024-02-19,7.89,6.89,-0.1264,-0.0125663087338735
001238,浙江正特,轻工制造,文娱用品,2024-02-02,2024-02-19,16.83,15.64,-0.0705,0.0433336912661265
002857,三晖电气,电力设备,电网设备,2024-02-02,2024-02-19,11.06,9.65,-0.127,-0.0131663087338735
300626,华瑞股份,电力设备,电机,2024-02-02,2024-02-19,6.99,5.68,-0.1871,-0.0732663087338735
600692,亚通股份,房地产,房地产开发,2023-12-28,2024-02-02,6.14,6.57,0.0714,0.335832128898479
600202,哈空调,机械设备,通用设备,2024-01-19,2024-02-02,5.76,4.58,-0.2042,0.0213275597464811
605287,德才股份,建筑装饰,装修装饰,2024-01-05,2024-02-02,16.81,12.13,-0.2782,0.000535815008754326
600455,博通股份,计算机,软件开发,2024-01-26,2024-02-02,23.1,17.91,-0.2247,-0.00782916215779816
300854,中兰环保,环保,环境治理,2024-01-26,2024-02-02,16.06,11.98,-0.2538,-0.0369291621577982
002748,世龙实业,基础化工,化学原料,2024-01-12,2024-02-02,9.91,7.15,-0.2784,-0.00374668614425011
300883,龙利得,轻工制造,包装印刷,2024-01-26,2024-02-02,6.35,4.84,-0.2386,-0.0217291621577982
301287,康力源,轻工制造,文娱用品,2024-01-19,2024-02-02,35.72,25.57,-0.2841,-0.0585724402535189
603172,万丰股份,基础化工,化学制品,2024-01-12,2024-01-26,18.13,14.78,-0.1847,-0.11091590561851
001336,楚环科技,环保,环保设备,2024-01-19,2024-01-26,25.86,25.71,-0.0061,0.0049540155093023
001259,利仁科技,家用电器,小家电,2024-01-05,2024-01-26,29.48,29.44,-0.0013,0.0776971567347749
001238,浙江正特,轻工制造,文娱用品,2024-01-12,2024-01-19,22.16,23.48,0.0594,0.122831248881094
600791,京能置业,房地产,房地产开发,2023-11-23,2024-01-19,4.89,4.55,-0.0695,-0.00545474352651931
600455,博通股份,计算机,软件开发,2023-11-23,2024-01-19,25.31,23.16,-0.0849,-0.0208547435265193
300883,龙利得,轻工制造,包装印刷,2024-01-05,2024-01-12,6.98,6.91,-0.01,-0.004371655332561
002486,嘉麟杰,纺织服饰,纺织制造,2024-01-05,2024-01-12,2.99,3,0.0033,0.008928344667439
600768,宁波富邦,有色金属,工业金属,2024-01-05,2024-01-12,11.6,11.37,-0.0195,-0.013871655332561
600202,哈空调,机械设备,通用设备,2024-01-05,2024-01-12,6.22,6.11,-0.0176,-0.011971655332561
603172,万丰股份,基础化工,化学制品,2023-12-21,2024-01-05,17.21,17.71,0.0293,0.0240493413695454
300804,广康生化,基础化工,农化制品,2023-12-28,2024-01-05,30.67,30.8,0.0042,-0.0156314104705601
002098,浔兴股份,纺织服饰,纺织制造,2023-12-28,2024-01-05,6.43,6.6,0.0271,0.00726858952943986
300295,三六五网,传媒,数字媒体,2023-12-28,2024-01-05,12.01,12.07,0.005,-0.0148314104705601
300626,华瑞股份,电力设备,电机,2023-12-21,2024-01-05,10.52,10.88,0.0342,0.0289493413695454
002696,百洋股份,农林牧渔,饲料,2023-11-30,2024-01-05,6.88,6.73,-0.0218,-0.0313522807277684
600202,哈空调,机械设备,通用设备,2023-08-30,2023-12-28,5.77,6.1,0.057,-0.0374684710090824
300883,龙利得,轻工制造,包装印刷,2023-11-16,2023-12-28,7.07,7.34,0.0381,0.0312540157927918
002295,精艺股份,有色金属,工业金属,2023-12-21,2023-12-28,8,7.86,-0.0173,-0.00300278215555474
301063,海锅股份,电力设备,风电设备,2023-12-21,2023-12-28,22.07,22.27,0.0089,0.0231972178444453
600768,宁波富邦,有色金属,工业金属,2023-11-30,2023-12-21,11.25,11.51,0.0227,0.0184208462781073
600692,亚通股份,房地产,房地产开发,2023-11-09,2023-12-21,6.12,7.73,0.2638,0.223121960527036
002098,浔兴股份,纺织服饰,纺织制造,2023-12-07,2023-12-21,6.77,6.95,0.0272,0.0281672223047604
002667,威领股份,机械设备,专用设备,2023-12-14,2023-12-21,10.31,10.6,0.0281,0.0243477118651978
301273,瑞晨环保,机械设备,通用设备,2023-12-07,2023-12-14,27.05,26.66,-0.0146,-0.00989813232273412
001259,利仁科技,家用电器,小家电,2023-11-30,2023-12-07,28.86,27.53,-0.046,-0.0512514553514016
300295,三六五网,传媒,数字媒体,2023-11-30,2023-12-07,13.61,14.29,0.05,0.0447485446485984
300980,祥源新材,基础化工,塑料,2023-11-23,2023-11-30,21.76,21.72,-0.0018,0.00270831721969669
603172,万丰股份,基础化工,化学制品,2023-11-23,2023-11-30,17.3,16.79,-0.0291,-0.0245916827803033
301045,天禄科技,电子,光学光电子,2023-11-23,2023-11-30,25.58,25.7,0.005,0.00950831721969669
600857,宁波中百,商贸零售,一般零售,2023-11-23,2023-11-30,9.52,9.54,0.0021,0.00660831721969669
300626,华瑞股份,电力设备,电机,2023-11-16,2023-11-23,10.28,10.53,0.0243,0.00259627671935393
002012,凯恩股份,轻工制造,造纸,2023-11-16,2023-11-23,5.56,5.62,0.0107,-0.0110037232806461
605287,德才股份,建筑装饰,装修装饰,2023-11-16,2023-11-23,17.26,17.31,0.0034,-0.0183037232806461
301295,美硕科技,电力设备,电网设备,2023-11-16,2023-11-23,24.38,24.33,-0.0017,-0.0234037232806461
301288,清研环境,环保,环保设备,2023-11-09,2023-11-23,20.52,20.32,-0.0102,-0.0511366656839216
300295,三六五网,传媒,数字媒体,2023-10-19,2023-11-23,12.44,14.5,0.1656,0.0251243548787861
688448,磁谷科技,机械设备,通用设备,2023-11-09,2023-11-16,36.59,40.62,0.1102,0.0913756168006127
002295,精艺股份,有色金属,工业金属,2023-11-02,2023-11-16,7.5,7.56,0.0079,-0.0407767349272634
301448,开创电气,机械设备,通用设备,2023-11-02,2023-11-16,23.38,34.65,0.4817,0.433023265072737
300992,泰福泵业,机械设备,通用设备,2023-10-26,2023-11-16,21.5,21.64,0.0065,-0.0743787449715875
001336,楚环科技,环保,环保设备,2023-11-09,2023-11-16,27.52,27.94,0.0151,-0.00372438319938728
002748,世龙实业,基础化工,化学原料,2023-11-02,2023-11-16,9.57,9.79,0.0235,-0.0251767349272634
300883,龙利得,轻工制造,包装印刷,2023-10-12,2023-11-09,6.28,7.2,0.1479,0.087552124966935
300980,祥源新材,基础化工,塑料,2023-11-02,2023-11-09,20.47,21.41,0.0457,0.0163992174312401
300626,华瑞股份,电力设备,电机,2023-11-02,2023-11-09,10,10.2,0.02,-0.0093007825687599
000632,三木集团,综合,综合,2023-10-26,2023-11-09,4.23,4.27,0.0095,-0.0514078098203075
301197,工大科雅,机械设备,通用设备,2023-10-26,2023-11-02,18.98,19.27,0.0151,-0.0156072799193526
301288,清研环境,环保,环保设备,2023-10-26,2023-11-02,20.06,19.83,-0.0114,-0.0421072799193526
605287,德才股份,建筑装饰,装修装饰,2023-10-26,2023-11-02,17.04,16.8,-0.0139,-0.0446072799193526
301040,中环海陆,电力设备,风电设备,2023-10-26,2023-11-02,18.21,18.57,0.0198,-0.0109072799193526
301027,华蓝集团,建筑装饰,工程咨询服务,2023-10-26,2023-11-02,11.81,12.17,0.0304,-0.000307279919352626
002486,嘉麟杰,纺织服饰,纺织制造,2023-10-19,2023-10-26,2.73,2.83,0.0366,0.00387649300752794
300854,中兰环保,环保,环境治理,2023-08-23,2023-10-26,17.68,16.65,-0.0583,-0.115220541995794
301295,美硕科技,电力设备,电网设备,2023-10-19,2023-10-26,23.01,23.48,0.0205,-0.0122235069924721
688193,仁度生物,医药生物,医疗器械,2023-10-19,2023-10-26,42.76,43.22,0.0108,-0.0219235069924721
002295,精艺股份,有色金属,工业金属,2023-09-27,2023-10-26,7.33,7.41,0.0108,0.00973678040757439
300721,怡达股份,基础化工,化学制品,2023-10-19,2023-10-26,14.26,14.23,-0.0021,-0.0348235069924721
002696,百洋股份,农林牧渔,饲料,2023-08-30,2023-10-26,6.88,6.02,-0.125,-0.130687926071306
688448,磁谷科技,机械设备,通用设备,2023-08-30,2023-10-19,32.09,29.69,-0.0747,-0.0485210849873069
000632,三木集团,综合,综合,2023-09-06,2023-10-19,4.63,4.02,-0.1317,-0.0896626057909014
301448,开创电气,机械设备,通用设备,2023-10-12,2023-10-19,22.73,21.59,-0.0502,-0.0180023254802949
301288,清研环境,环保,环保设备,2023-09-06,2023-10-19,22.36,19.65,-0.1212,-0.0791626057909014
300626,华瑞股份,电力设备,电机,2023-10-12,2023-10-19,9.51,9.02,-0.0514,-0.0192023254802949
301209,联合化学,基础化工,化学制品,2023-09-27,2023-10-12,17.81,17.63,-0.0103,-0.0118918481058381
001336,楚环科技,环保,环保设备,2023-09-27,2023-10-12,26.19,25.16,-0.0392,-0.0407918481058381
002748,世龙实业,基础化工,化学原料,2023-09-27,2023-10-12,8.53,8.6,0.008,0.00640815189416188
600857,宁波中百,商贸零售,一般零售,2023-09-20,2023-09-27,9.21,9.22,0.0011,-0.0132193065298473
301448,开创电气,机械设备,通用设备,2023-09-13,2023-09-27,23.01,23.33,0.014,0.00454455527485619
001259,利仁科技,家用电器,小家电,2023-09-20,2023-09-27,29.05,29.09,0.0013,-0.0130193065298473
002486,嘉麟杰,纺织服饰,纺织制造,2023-09-20,2023-09-27,2.97,2.88,-0.0303,-0.0446193065298473
301336,趣睡科技,轻工制造,家居用品,2023-09-06,2023-09-20,49.56,43.02,-0.132,-0.106308344831586
301209,联合化学,基础化工,化学制品,2023-09-13,2023-09-20,18.03,17.6,-0.0235,-0.0187048021038428
300621,维业股份,建筑装饰,装修装饰,2023-09-13,2023-09-20,9.78,10.11,0.0337,0.0384951978961572
301098,金埔园林,建筑装饰,基础建设,2023-07-19,2023-09-13,12.18,11.79,-0.0322,-0.0782125263381566
600791,京能置业,房地产,房地产开发,2023-09-06,2023-09-13,4.74,4.53,-0.0443,-0.0233028572731139
301027,华蓝集团,建筑装饰,工程咨询服务,2023-08-30,2023-09-13,13.78,13.05,-0.0536,-0.0488096448360471
688485,九州一轨,机械设备,轨交设备,2023-08-23,2023-09-06,15.23,15.52,0.0189,-0.0494405665373873
301273,瑞晨环保,机械设备,通用设备,2023-08-23,2023-09-06,30.12,30.49,0.0121,-0.0562405665373873
301209,联合化学,基础化工,化学制品,2023-08-16,2023-09-06,18.16,19.16,0.0549,-0.0231352855291351
001231,农心科技,基础化工,农化制品,2023-08-16,2023-09-06,21.63,22.41,0.0359,-0.0421352855291351
300966,共同药业,医药生物,化学制药,2023-08-23,2023-08-30,20.32,22.25,0.0949,0.043957143278405
600791,京能置业,房地产,房地产开发,2023-07-26,2023-08-30,5.19,5.34,0.0289,-0.00254340716756755
600455,博通股份,计算机,软件开发,2023-08-23,2023-08-30,23.22,23.63,0.0177,-0.033242856721595
001336,楚环科技,环保,环保设备,2023-08-23,2023-08-30,25.98,26.52,0.0205,-0.030442856721595
301288,清研环境,环保,环保设备,2023-08-02,2023-08-23,19.42,28.12,0.4476,0.468494233960271
301045,天禄科技,电子,光学光电子,2023-08-16,2023-08-23,22.83,22.93,0.0043,-0.00477455852132366
300883,龙利得,轻工制造,包装印刷,2023-08-16,2023-08-23,6.49,6.31,-0.0292,-0.0382745585213237
603172,万丰股份,基础化工,化学制品,2023-08-16,2023-08-23,17.7,17.4,-0.0173,-0.0263745585213237
301336,趣睡科技,轻工制造,家居用品,2023-08-16,2023-08-23,44.64,43.61,-0.0231,-0.0321745585213237
301037,保立佳,基础化工,化学制品,2023-08-02,2023-08-23,14.91,13.84,-0.0723,-0.0514057660397288
000632,三木集团,综合,综合,2023-07-26,2023-08-16,4.6,4.47,-0.0283,-0.000919662561729713
688448,磁谷科技,机械设备,通用设备,2023-08-09,2023-08-16,28.12,27.39,-0.0257,-0.021839666731111
002857,三晖电气,电力设备,电网设备,2023-08-09,2023-08-16,19.29,18.78,-0.0268,-0.022939666731111
301448,开创电气,机械设备,通用设备,2023-08-09,2023-08-16,22.77,25.02,0.0988,0.102660333268889
600692,亚通股份,房地产,房地产开发,2023-07-26,2023-08-16,6.19,6.17,-0.0032,0.0241803374382703
301027,华蓝集团,建筑装饰,工程咨询服务,2023-07-26,2023-08-16,13.83,12.73,-0.0801,-0.0527196625617297
300980,祥源新材,基础化工,塑料,2023-08-02,2023-08-09,20.71,18.46,-0.1088,-0.0828609151711781
600202,哈空调,机械设备,通用设备,2023-08-02,2023-08-09,5.86,5.49,-0.0629,-0.0369609151711781
301336,趣睡科技,轻工制造,家居用品,2023-07-19,2023-08-09,47.58,45.45,-0.0448,-0.0397464704281579
001336,楚环科技,环保,环保设备,2023-07-26,2023-08-02,26.64,26.3,-0.013,-0.0153899262470615
300621,维业股份,建筑装饰,装修装饰,2023-07-26,2023-08-02,11.24,10.92,-0.0284,-0.0307899262470615
300295,三六五网,传媒,数字媒体,2023-06-28,2023-08-02,12.3,15.45,0.2561,0.160722862227377
301448,开创电气,机械设备,通用设备,2023-06-28,2023-08-02,21.56,22.38,0.0381,-0.0572771377726229
001231,农心科技,基础化工,农化制品,2023-07-05,2023-07-26,23.96,21.19,-0.1157,-0.160002996318434
600202,哈空调,机械设备,通用设备,2023-06-12,2023-07-26,5.3,5.76,0.0865,-0.0102886151097708
300626,华瑞股份,电力设备,电机,2023-06-19,2023-07-26,8.99,9.57,0.0644,-0.0307552495532191
002748,世龙实业,基础化工,化学原料,2023-07-19,2023-07-26,9.36,9.34,-0.0021,-0.0211063841164607
603172,万丰股份,基础化工,化学制品,2023-05-15,2023-07-26,16.96,17.68,0.0425,-0.110374233610964
300854,中兰环保,环保,环境治理,2023-07-19,2023-07-26,17.14,17.59,0.0264,0.00739361588353928
300804,广康生化,基础化工,农化制品,2023-07-12,2023-07-19,33.86,34.49,0.0188,-0.00560028866661081
000593,德龙汇能,公用事业,燃气,2023-07-12,2023-07-19,6.93,7.23,0.0433,0.0188997113333892
600791,京能置业,房地产,房地产开发,2023-06-05,2023-07-19,4.21,4.61,0.0948,0.0199208256418115
300980,祥源新材,基础化工,塑料,2023-07-05,2023-07-19,19.67,19.25,-0.0211,-0.0459247828436394
300883,龙利得,轻工制造,包装印刷,2023-07-05,2023-07-12,6.27,6.27,0,-0.000414383109537342
001259,利仁科技,家用电器,小家电,2023-07-05,2023-07-12,28.96,28.5,-0.0158,-0.0162143831095373
002486,嘉麟杰,纺织服饰,纺织制造,2023-06-28,2023-07-05,2.87,2.95,0.0279,-0.0185065627061017
688448,磁谷科技,机械设备,通用设备,2023-06-19,2023-07-05,35.14,32.29,-0.081,-0.129694922272615
000593,德龙汇能,公用事业,燃气,2023-06-19,2023-07-05,6.7,6.8,0.0149,-0.033794922272615
301098,金埔园林,建筑装饰,基础建设,2023-05-29,2023-07-05,11.5,11.87,0.0316,-0.0382283899334569
002696,百洋股份,农林牧渔,饲料,2023-06-19,2023-06-28,6.14,6,-0.0228,-0.0249868742495224
301063,海锅股份,电力设备,风电设备,2023-05-08,2023-06-28,25.63,26.56,0.0362,-0.0296477657921279
301027,华蓝集团,建筑装饰,工程咨询服务,2023-06-12,2023-06-28,12.44,11.98,-0.0372,-0.0408815824402516
001259,利仁科技,家用电器,小家电,2023-06-12,2023-06-19,28.32,27.63,-0.0245,-0.025991446584599
301119,正强股份,汽车,汽车零部件,2023-06-05,2023-06-19,22.21,24.73,0.1135,0.113359845193941
600455,博通股份,计算机,软件开发,2023-06-12,2023-06-19,23.28,22.86,-0.018,-0.019491446584599
600692,亚通股份,房地产,房地产开发,2023-06-12,2023-06-19,5.7,5.58,-0.021,-0.022491446584599
000632,三木集团,综合,综合,2023-06-05,2023-06-12,4.18,4.25,0.0167,0.0180492794003868
301336,趣睡科技,轻工制造,家居用品,2023-06-05,2023-06-12,47.81,48.53,0.0151,0.0164492794003868
002748,世龙实业,基础化工,化学原料,2023-06-05,2023-06-12,8.84,8.6,-0.0277,-0.0263507205996132
301040,中环海陆,电力设备,风电设备,2023-06-05,2023-06-12,20.82,19.85,-0.0465,-0.0451507205996132
301288,清研环境,环保,环保设备,2023-06-05,2023-06-12,17.16,16.82,-0.0197,-0.0183507205996132
001259,利仁科技,家用电器,小家电,2023-05-29,2023-06-05,29.54,27.88,-0.0562,-0.0762092006137982
688251,井松智能,计算机,IT服务,2023-05-29,2023-06-05,17.68,17.5,-0.0102,-0.0302092006137982
001231,农心科技,基础化工,农化制品,2023-05-29,2023-06-05,22.53,21.09,-0.064,-0.0840092006137982
301027,华蓝集团,建筑装饰,工程咨询服务,2023-05-29,2023-06-05,12.38,12.53,0.0121,-0.00790920061379818
300295,三六五网,传媒,数字媒体,2023-05-29,2023-06-05,13.21,14.01,0.0606,0.0405907993862018
300992,泰福泵业,机械设备,通用设备,2023-05-29,2023-06-05,18.83,19.01,0.0095,-0.0105092006137982
600202,哈空调,机械设备,通用设备,2023-05-15,2023-06-05,5.35,5.38,0.0056,-0.046956407741976
301083,百胜智能,机械设备,专用设备,2023-05-22,2023-05-29,14.39,24.71,0.7167,0.719553831756606
300883,龙利得,轻工制造,包装印刷,2023-05-22,2023-05-29,6.25,6.11,-0.0223,-0.0194461682433942
600857,宁波中百,商贸零售,一般零售,2023-05-22,2023-05-29,10,9.5,-0.05,-0.0471461682433942
600768,宁波富邦,有色金属,工业金属,2023-04-26,2023-05-29,9.48,10.76,0.135,0.0448834144013031
000586,汇源通信,通信,通信设备,2023-05-22,2023-05-29,12.53,12.84,0.0247,0.0275538317566058
301041,金百泽,电子,元件,2023-04-26,2023-05-29,19.21,37.71,0.9633,0.873183414401303
002696,百洋股份,农林牧渔,饲料,2023-05-22,2023-05-29,6.4,6.17,-0.0359,-0.0330461682433942
001336,楚环科技,环保,环保设备,2023-04-26,2023-05-22,26.05,28.59,0.0974,0.00416350136401518
002098,浔兴股份,纺织服饰,纺织制造,2023-05-15,2023-05-22,5.97,5.91,-0.0097,-0.0445620609860897
301390,经纬股份,建筑装饰,专业工程,2023-05-15,2023-05-22,39.5,50.89,0.2885,0.25363793901391
301273,瑞晨环保,机械设备,通用设备,2023-05-15,2023-05-22,31.03,33.31,0.0735,0.0386379390139103
600455,博通股份,计算机,软件开发,2023-05-08,2023-05-22,22.33,22.59,0.0116,-0.0338967584963302
300621,维业股份,建筑装饰,装修装饰,2023-05-08,2023-05-15,10.43,10.3,-0.0124,-0.0226764396446295
301045,天禄科技,电子,光学光电子,2023-05-08,2023-05-15,20.51,21.72,0.059,0.0487235603553705
301098,金埔园林,建筑装饰,基础建设,2023-04-26,2023-05-15,11.06,11.74,0.0612,0.004792059414883
301027,华蓝集团,建筑装饰,工程咨询服务,2023-04-26,2023-05-15,11.91,12.7,0.066,0.009592059414883
000586,汇源通信,通信,通信设备,2023-03-28,2023-05-15,12.75,12.6,-0.0118,0.0271974325057775
300295,三六五网,传媒,数字媒体,2023-03-28,2023-05-08,10.91,13.15,0.2053,0.254072662824582
300074,华平股份,计算机,软件开发,2023-03-28,2023-05-08,4.41,4.13,-0.0635,-0.0147273371754177
688171,纬德信息,计算机,软件开发,2023-04-12,2023-05-08,25.23,21.74,-0.1385,-0.118029774792928
301001,凯淳股份,商贸零售,互联网电商,2023-03-28,2023-05-08,26.13,25.94,-0.0071,0.0416726628245823
000996,中国中期,汽车,汽车服务,2023-04-12,2023-04-26,6.92,6.25,-0.0968,-0.0335554098993169
301336,趣睡科技,轻工制造,家居用品,2023-04-19,2023-04-26,54.83,43.65,-0.204,-0.156579288148897
301079,邵阳液压,机械设备,工程机械,2023-04-19,2023-04-26,17.73,17.03,-0.0397,0.00772071185110353
300961,深水海纳,环保,环境治理,2023-04-19,2023-04-26,12.57,12.44,-0.0103,0.0371207118511035
600647,同达创业,综合,综合,2023-04-19,2023-04-26,12.69,12.11,-0.0457,0.00172071185110353
003041,真爱美家,纺织服饰,服装家纺,2023-04-12,2023-04-19,13.62,13.38,-0.018,-0.00138838724876187
301183,东田微,电子,光学光电子,2023-04-12,2023-04-19,30.88,43.99,0.4248,0.441411612751238
603073,彩蝶实业,基础化工,化学纤维,2023-03-28,2023-04-19,20.92,18.59,-0.111,-0.0659744592599211
301231,荣信文化,传媒,出版,2023-03-14,2023-04-19,24.01,30.33,0.2636,0.288121760170977
301041,金百泽,电子,元件,2023-02-28,2023-04-12,20.07,24.3,0.2107,0.230275383681994
301336,趣睡科技,轻工制造,家居用品,2023-04-04,2023-04-12,50.16,52.02,0.0371,0.0416851371354285
688038,中科通达,计算机,软件开发,2023-03-14,2023-04-12,15.65,16.69,0.0665,0.0745437673683228
300948,冠中生态,建筑装饰,基础建设,2023-04-04,2023-04-12,14.3,14.66,0.0256,0.0301851371354285
600202,哈空调,机械设备,通用设备,2023-03-21,2023-04-04,5.88,5.22,-0.1119,-0.086743124467759
301052,果麦文化,传媒,出版,2023-03-21,2023-04-04,20.54,28.43,0.3842,0.409356875532241
301079,邵阳液压,机械设备,工程机械,2023-03-21,2023-03-28,19.28,17.29,-0.1035,-0.102745435034963
300989,蕾奥规划,建筑装饰,工程咨询服务,2023-03-21,2023-03-28,11.89,12.27,0.0326,0.0333545649650375
301209,联合化学,基础化工,化学制品,2023-03-21,2023-03-28,19.09,17.88,-0.0632,-0.0624454350349626
301027,华蓝集团,建筑装饰,工程咨询服务,2023-03-14,2023-03-28,15.25,14.73,-0.0339,-0.0553705015095289
301167,建研设计,建筑装饰,工程咨询服务,2023-03-14,2023-03-28,16.87,18.27,0.0832,0.0617294984904711
300074,华平股份,计算机,软件开发,2023-03-14,2023-03-21,4.23,4.3,0.0165,-0.0057418493948775
301288,清研环境,环保,环保设备,2023-03-14,2023-03-21,19.12,17.92,-0.0628,-0.0850418493948775
002858,力盛体育,社会服务,体育,2023-02-21,2023-03-21,14.86,17.18,0.1561,0.13841919603583
301233,盛帮股份,汽车,汽车零部件,2023-02-28,2023-03-21,42.95,41.24,-0.0398,-0.0501581589665955
600647,同达创业,综合,综合,2023-03-14,2023-03-21,13.92,13.38,-0.0388,-0.0610418493948775
603272,联翔股份,轻工制造,家居用品,2023-02-28,2023-03-14,19.61,17.62,-0.1017,-0.0900748738761611
001259,利仁科技,家用电器,小家电,2023-02-21,2023-03-14,30.89,28.18,-0.0875,-0.0830381933997246
300635,中达安,建筑装饰,工程咨询服务,2023-03-07,2023-03-14,15,14.41,-0.0393,-0.0363951158298024
002760,凤形股份,机械设备,通用设备,2023-03-07,2023-03-14,21.95,21.33,-0.0283,-0.0253951158298024
001226,拓山重工,机械设备,工程机械,2023-03-07,2023-03-14,31.56,29.64,-0.0608,-0.0578951158298024
688681,科汇股份,电力设备,电网设备,2023-03-07,2023-03-14,16.09,15.61,-0.0302,-0.0272951158298024
001336,楚环科技,环保,环保设备,2023-02-21,2023-03-14,28.92,28.49,-0.015,-0.0105381933997246
301336,趣睡科技,轻工制造,家居用品,2023-02-28,2023-03-07,54.86,49.2,-0.1033,-0.0945543529546988
301156,美农生物,基础化工,化学制品,2023-02-28,2023-03-07,12.83,12.21,-0.0486,-0.0398543529546988
300948,冠中生态,建筑装饰,基础建设,2023-02-21,2023-03-07,14.71,14.14,-0.039,-0.0374385417144662
301359,东南电子,电子,其他电子,2023-02-28,2023-03-07,17.26,16.03,-0.0714,-0.0626543529546988
300961,深水海纳,环保,环境治理,2023-02-21,2023-02-28,11.91,12.11,0.0168,0.00955242652064732
600107,美尔雅,纺织服饰,服装家纺,2023-02-21,2023-02-28,6.91,6.99,0.0116,0.00435242652064732
301052,果麦文化,传媒,出版,2023-01-17,2023-02-28,16.84,18.5,0.0987,-0.0229556370622859
688466,金科环境,环保,环境治理,2023-02-21,2023-02-28,16.68,15.84,-0.0503,-0.0575475734793527
301231,荣信文化,传媒,出版,2023-02-07,2023-02-28,26.03,23.63,-0.0923,-0.111070278823165
002112,三变科技,电力设备,电网设备,2023-01-03,2023-02-28,7.64,13.28,0.738,0.602476537211064
300295,三六五网,传媒,数字媒体,2023-02-14,2023-02-21,10.41,10.35,-0.0058,0.00488484029780581
001226,拓山重工,机械设备,工程机械,2023-02-14,2023-02-21,33.43,33.83,0.0119,0.0225848402978058
301107,瑜欣电子,机械设备,通用设备,2023-02-14,2023-02-21,21.5,20.78,-0.0338,-0.0231151597021942
301233,盛帮股份,汽车,汽车零部件,2023-02-07,2023-02-21,45.69,43.88,-0.0398,-0.0512397945919185
000586,汇源通信,通信,通信设备,2023-02-14,2023-02-21,9.94,9.59,-0.0352,-0.0245151597021942
001231,农心科技,基础化工,农化制品,2023-02-14,2023-02-21,23.93,23.33,-0.0248,-0.0141151597021942
301079,邵阳液压,机械设备,工程机械,2023-02-14,2023-02-21,18.23,17.97,-0.0138,-0.00311515970219419
002858,力盛体育,社会服务,体育,2022-11-28,2023-02-14,12.72,13.87,0.0904,-0.0516338291290797
301083,百胜智能,机械设备,专用设备,2023-02-07,2023-02-14,12.85,12.63,-0.0176,-0.0399635862371545
688038,中科通达,计算机,软件开发,2023-02-07,2023-02-14,14.48,14.9,0.029,0.00663641376284549
600768,宁波富邦,有色金属,工业金属,2023-02-07,2023-02-14,11.38,11.38,0,-0.0223635862371545
000632,三木集团,综合,综合,2022-12-05,2023-02-14,4.75,4.83,0.0168,-0.0736368964127456
300949,奥雅股份,建筑装饰,基础建设,2023-02-07,2023-02-14,37.38,36.76,-0.0166,-0.0389635862371545
301041,金百泽,电子,元件,2023-01-31,2023-02-07,18.85,20.06,0.0642,0.0217190322944203
301040,中环海陆,电力设备,风电设备,2023-01-31,2023-02-07,22.73,26.17,0.151,0.10851903229442
000996,中国中期,汽车,汽车服务,2023-01-31,2023-02-07,6.86,6.87,0.0015,-0.0409809677055797
301079,邵阳液压,机械设备,工程机械,2023-01-31,2023-02-07,17.06,17.32,0.0152,-0.0272809677055797
301159,三维天地,计算机,软件开发,2023-01-31,2023-02-07,30,36.06,0.2019,0.15941903229442
301066,万事利,纺织服饰,纺织制造,2023-01-17,2023-02-07,11.65,12.99,0.1147,0.0137102475722308
301231,荣信文化,传媒,出版,2023-01-17,2023-01-31,20.88,22.15,0.0609,0.00477544086204001
301336,趣睡科技,轻工制造,家居用品,2023-01-17,2023-01-31,45.14,46.7,0.0347,-0.02142455913796
300295,三六五网,传媒,数字媒体,2023-01-17,2023-01-31,9.05,9.42,0.0409,-0.01522455913796
002098,浔兴股份,纺织服饰,纺织制造,2023-01-10,2023-01-31,6.12,6.37,0.0411,-0.0170119514536954
301125,腾亚精工,机械设备,通用设备,2023-01-17,2023-01-31,12.32,12.55,0.0185,-0.03762455913796
600692,亚通股份,房地产,房地产开发,2023-01-10,2023-01-17,6.07,5.89,-0.0296,-0.0314817783362197
301040,中环海陆,电力设备,风电设备,2023-01-10,2023-01-17,21.68,21.6,-0.0037,-0.00558177833621972
301013,利和兴,机械设备,专用设备,2023-01-03,2023-01-17,8.78,10.23,0.1646,0.152236289366876
003041,真爱美家,纺织服饰,服装家纺,2023-01-10,2023-01-17,13.25,14.11,0.0648,0.0629182216637803
301041,金 百 泽,电子,元件,2022-12-19,2023-01-17,19.1,17.84,-0.066,-0.0858113004421616
300621,维业股份,建筑装饰,装修装饰,2023-01-10,2023-01-17,9.03,8.78,-0.0276,-0.0294817783362197
301052,果麦文化,传媒,出版,2023-01-03,2023-01-10,16.99,17.07,0.0048,-0.00566224467153278
301001,凯淳股份,商贸零售,互联网电商,2023-01-03,2023-01-10,21.03,20.61,-0.02,-0.0304622446715328
001259,利仁科技,家用电器,小家电,2022-12-05,2023-01-10,30.22,27.82,-0.0795,-0.0464308364680997
301105,鸿铭股份,机械设备,专用设备,2023-01-03,2023-01-10,37.99,37.82,-0.0046,-0.0150622446715328
300295,三六五网,传媒,数字媒体,2022-12-26,2023-01-10,8.97,9.04,0.0078,-0.016519909127573
301159,三维天地,计算机,软件开发,2022-12-26,2023-01-03,27.55,28.69,0.0416,0.0278858166852686
301231,荣信文化,传媒,出版,2022-12-19,2023-01-03,21.45,21.37,-0.0042,-0.0115566345087381
300074,华平股份,计算机,软件开发,2022-12-12,2023-01-03,3.91,3.93,0.0051,0.0314607363102992
301079,邵阳液压,机械设备,工程机械,2022-12-26,2023-01-03,14.55,14.62,0.0047,-0.0090141833147314
600647,同达创业,综合,综合,2022-12-19,2023-01-03,15.81,13.24,-0.1626,-0.169956634508738
301052,果麦文化,传媒,出版,2022-12-19,2022-12-26,16.75,16.58,-0.0097,-0.00342846023994199
002112,三变科技,电力设备,电网设备,2022-09-09,2022-12-26,8.4,7.35,-0.1259,-0.151943486287738
300949,奥雅股份,建筑装饰,基础建设,2022-12-19,2022-12-26,33.49,31.7,-0.0534,-0.047128460239942
301001,凯淳股份,商贸零售,互联网电商,2022-12-12,2022-12-19,21.9,22.72,0.0375,0.0709711359055877
301183,东 田 微,电子,光学光电子,2022-12-12,2022-12-19,25.15,23.38,-0.07,-0.0365288640944123
301209,联合化学,基础化工,化学制品,2022-12-12,2022-12-19,18.45,17.2,-0.0681,-0.0346288640944123
300295,三六五网,传媒,数字媒体,2022-11-28,2022-12-19,8.85,8.88,0.0034,0.00852046085699969
600692,亚通股份,房地产,房地产开发,2022-12-12,2022-12-19,6.26,6.03,-0.0366,-0.0031288640944123
301027,华蓝集团,建筑装饰,工程咨询服务,2022-12-05,2022-12-12,16.28,14.63,-0.1015,-0.0843273655106887
301052,果麦文化,传媒,出版,2022-11-21,2022-12-12,19.58,17.8,-0.0906,-0.092509672558492
603022,新 通 联,轻工制造,包装印刷,2022-12-05,2022-12-12,10.21,9.85,-0.0353,-0.0181273655106887
600647,同达创业,综合,综合,2022-11-28,2022-12-12,15.77,16.81,0.0659,0.0365675339953235
000586,汇源通信,通信,通信设备,2022-11-28,2022-12-12,8.92,8.94,0.0022,-0.0271324660046765
301288,清研环境,环保,环保设备,2022-11-28,2022-12-05,19.63,19.33,-0.0152,-0.0625176695378475
301001,凯淳股份,商贸零售,互联网电商,2022-11-28,2022-12-05,20.62,21.8,0.0573,0.00998233046215256
301043,绿 岛 风,机械设备,通用设备,2022-11-21,2022-12-05,25.69,24.05,-0.064,-0.0834157262174806
301209,联合化学,基础化工,化学制品,2022-11-28,2022-12-05,18.25,18.63,0.0208,-0.0265176695378474
300929,华骐环保,环保,环境治理,2022-11-21,2022-11-28,12.5,12.2,-0.0238,0.00284133732478635
301234,五洲医疗,医药生物,医疗器械,2022-11-07,2022-11-28,31.59,29.74,-0.0586,-0.0687430471540052
301041,金 百 泽,电子,元件,2022-11-21,2022-11-28,18.33,17.05,-0.0698,-0.0431586626752137
301159,三维天地,计算机,软件开发,2022-11-14,2022-11-28,28.39,29.9,0.053,0.0536545176037727
301231,荣信文化,传媒,出版,2022-11-21,2022-11-28,22.6,22.85,0.011,0.0376413373247864
001259,利仁科技,家用电器,小家电,2022-11-14,2022-11-28,30.53,28.39,-0.0703,-0.0696454823962273
301359,东南电子,电子,其他电子,2022-11-21,2022-11-28,17.94,17.3,-0.0355,-0.00885866267521365
000668,荣丰控股,医药生物,医药商业,2022-11-14,2022-11-21,14.1,13.9,-0.0142,-0.0408980926122242
300295,三六五网,传媒,数字媒体,2022-11-14,2022-11-21,9.28,9.08,-0.0216,-0.0482980926122242
301336,趣睡科技,轻工制造,家居用品,2022-11-14,2022-11-21,50.73,50.21,-0.0103,-0.0369980926122242
301027,华蓝集团,建筑装饰,工程咨询服务,2022-11-14,2022-11-21,15.65,15.41,-0.0153,-0.0419980926122242
000632,三木集团,综合,综合,2022-10-24,2022-11-21,4.19,4.41,0.0525,-0.0544147889416449
301192,泰祥股份,汽车,汽车零部件,2022-11-14,2022-11-21,21.7,21.05,-0.0303,-0.0569980926122242
301001,凯淳股份,商贸零售,互联网电商,2022-11-07,2022-11-14,22.4,21.59,-0.0358,-0.0466046365826235
301041,金 百 泽,电子,元件,2022-10-24,2022-11-14,17.46,17.8,0.0193,-0.0588307542174599
002849,威星智能,机械设备,通用设备,2022-09-26,2022-11-14,10.08,12.85,0.275,0.140362456314589
300635,中 达 安,建筑装饰,工程咨询服务,2022-11-07,2022-11-14,14.48,14.5,0.0014,-0.00940463658262354
301231,荣信文化,传媒,出版,2022-11-07,2022-11-14,22.85,22.15,-0.0304,-0.0412046365826235
300992,泰福泵业,机械设备,通用设备,2022-10-24,2022-11-14,22.35,19.71,-0.1181,-0.19623075421746
301209,联合化学,基础化工,化学制品,2022-10-31,2022-11-14,17.6,18.73,0.0642,-0.0149979237722453
000668,荣丰控股,医药生物,医药商业,2022-10-10,2022-11-07,13.27,12.76,-0.0384,-0.194675042527727
000996,中国中期,汽车,汽车服务,2022-10-31,2022-11-07,6.37,6.54,0.0267,-0.0409622214761984
003041,真爱美家,纺织服饰,服装家纺,2022-10-31,2022-11-07,12.06,12.61,0.0458,-0.0218622214761984
000586,汇源通信,通信,通信设备,2022-10-31,2022-11-07,8.39,8.61,0.0262,-0.0414622214761984
001259,利仁科技,家用电器,小家电,2022-10-24,2022-10-31,28.84,31.07,0.0775,0.0784888543438401
002858,力盛体育,社会服务,体育,2022-10-10,2022-10-31,11.88,12.53,0.0547,-0.028297055875039
301125,腾亚精工,机械设备,通用设备,2022-10-24,2022-10-31,12.6,12.36,-0.0189,-0.0179111456561599
301001,凯淳股份,商贸零售,互联网电商,2022-10-24,2022-10-31,20.1,21.49,0.069,0.0699888543438401
300929,华骐环保,环保,环境治理,2022-10-17,2022-10-24,12.54,11.96,-0.046,-0.0302419710551184
301231,荣信文化,传媒,出版,2022-09-19,2022-10-24,24.18,21.42,-0.1138,-0.145035081583902
300295,三六五网,传媒,数字媒体,2022-09-19,2022-10-24,8.77,8.15,-0.0707,-0.101935081583902
301336,趣睡科技,轻工制造,家居用品,2022-10-17,2022-10-24,51.94,47.24,-0.0905,-0.0747419710551183
603272,联翔股份,轻工制造,家居用品,2022-10-17,2022-10-24,18.54,17.53,-0.0543,-0.0385419710551184
301192,泰祥股份,汽车,汽车零部件,2022-10-17,2022-10-24,20.59,20.95,0.0174,0.0331580289448817
300635,中 达 安,建筑装饰,工程咨询服务,2022-10-10,2022-10-17,13.39,13.95,0.0418,-0.0596253345591052
000632,三木集团,综合,综合,2022-10-10,2022-10-17,3.83,4.08,0.0653,-0.0361253345591052
301233,盛帮股份,汽车,汽车零部件,2022-10-10,2022-10-17,36.28,38.47,0.0604,-0.0410253345591052
301001,凯淳股份,商贸零售,互联网电商,2022-10-10,2022-10-17,19.21,21.92,0.1408,0.0393746654408948
003041,真爱美家,纺织服饰,服装家纺,2022-09-19,2022-10-10,11.85,13.96,0.1786,0.227336711974193
688448,Ｃ 磁 谷,机械设备,通用设备,2022-09-26,2022-10-10,26.42,22.85,-0.1348,-0.105597775622907
301336,趣睡科技,轻工制造,家居用品,2022-09-09,2022-10-10,56.47,48.09,-0.1483,-0.036853352180334
301098,金埔园林,建筑装饰,基础建设,2022-09-26,2022-10-10,11.93,11.35,-0.0491,-0.0198977756229073
002058,威 尔 泰,机械设备,通用设备,2022-09-26,2022-10-10,11.58,10.67,-0.0786,-0.0493977756229073
600202,哈 空 调,机械设备,通用设备,2022-08-05,2022-10-10,5.24,4.47,-0.1464,-0.0636809922843932
301049,超越科技,环保,环境治理,2022-09-19,2022-09-26,22.88,21.43,-0.0634,-0.0432779023936614
000632,三木集团,综合,综合,2022-09-02,2022-09-26,4.34,3.96,-0.0876,0.00125747315660153
002858,力盛体育,社会服务,体育,2022-09-09,2022-09-26,11.14,10.5,-0.0575,0.0272183888424152
600692,亚通股份,房地产,房地产开发,2022-09-19,2022-09-26,6.23,5.91,-0.0512,-0.0310779023936614
301234,五洲医疗,医药生物,医疗器械,2022-09-09,2022-09-19,32.71,28.37,-0.1329,-0.0669772038248034
300992,泰福泵业,机械设备,通用设备,2022-08-19,2022-09-19,23.52,20.54,-0.1266,-0.0450498477065481
001259,利仁科技,家用电器,小家电,2022-09-09,2022-09-19,29.54,34.49,0.1675,0.233422796175197
301098,金埔园林,建筑装饰,基础建设,2022-09-09,2022-09-19,13.36,11.91,-0.1081,-0.0421772038248034
300854,中兰环保,环保,环境治理,2022-09-09,2022-09-19,18.78,16.55,-0.1189,-0.0529772038248034
301052,果麦文化,传媒,出版,2022-08-26,2022-09-09,19.69,18.76,-0.0476,-0.0576040210901677
301040,中环海陆,电力设备,风电设备,2022-09-02,2022-09-09,23.7,23.36,-0.0143,-0.00977780239029227
301183,东 田 微,电子,光学光电子,2022-09-02,2022-09-09,29.4,28.17,-0.042,-0.0374778023902923
301063,海锅股份,电力设备,风电设备,2022-08-26,2022-09-09,27.4,25.99,-0.0514,-0.0614040210901677
300295,三六五网,传媒,数字媒体,2022-09-02,2022-09-09,9.38,9.47,0.0096,0.0141221976097077
002849,威星智能,机械设备,通用设备,2022-08-26,2022-09-09,9.56,9.62,0.0059,-0.00410402109016774
002963,豪 尔 赛,建筑装饰,装修装饰,2022-09-02,2022-09-09,12.44,12.41,-0.0024,0.00212219760970774
002112,三变科技,电力设备,电网设备,2022-06-17,2022-09-02,6.03,9.19,0.5232,0.376568938238533
301027,华蓝集团,建筑装饰,工程咨询服务,2022-08-26,2022-09-02,15.91,16.66,0.0469,0.0323077924540399
600647,同达创业,综合,综合,2022-08-26,2022-09-02,15.98,15.9,-0.005,-0.0195922075459601
688681,科汇股份,电力设备,电网设备,2022-08-05,2022-09-02,15.47,14.54,-0.0603,-0.0973204105300165
301001,凯淳股份,商贸零售,互联网电商,2022-08-26,2022-09-02,22.15,22.1,-0.0022,-0.0167922075459601
301041,金 百 泽,电子,元件,2022-08-12,2022-08-26,21.01,18.31,-0.1283,-0.106355402988647
301233,盛帮股份,汽车,汽车零部件,2022-08-19,2022-08-26,43.63,41.7,-0.0443,-0.0178305184081139
300295,三六五网,传媒,数字媒体,2022-08-19,2022-08-26,9.24,8.85,-0.0422,-0.0157305184081139
301037,保 立 佳,基础化工,化学制品,2022-08-19,2022-08-26,15.16,13.71,-0.0952,-0.0687305184081139
301125,腾亚精工,机械设备,通用设备,2022-08-12,2022-08-26,15.16,13.89,-0.0839,-0.0619554029886469
300961,深水海纳,环保,环境治理,2022-08-19,2022-08-26,13.22,12.59,-0.0477,-0.0212305184081139
000586,汇源通信,通信,通信设备,2022-08-12,2022-08-19,10.04,8.93,-0.1106,-0.115247912412579
301052,果麦文化,传媒,出版,2022-08-12,2022-08-19,22.58,20.86,-0.0762,-0.0808479124125785
301079,邵阳液压,机械设备,工程机械,2022-08-12,2022-08-19,20.25,18.96,-0.0638,-0.0684479124125784
600647,同达创业,综合,综合,2022-08-12,2022-08-19,17.9,17.42,-0.0268,-0.0314479124125785
000996,中国中期,汽车,汽车服务,2022-08-12,2022-08-19,6.9,6.82,-0.0116,-0.0162479124125785
300074,华平股份,计算机,软件开发,2022-08-05,2022-08-12,3.92,4.12,0.051,0.00596141642268628
600107,美 尔 雅,纺织服饰,服装家纺,2022-08-05,2022-08-12,6.22,6.59,0.0595,0.0144614164226863
688272,富 吉 瑞,国防军工,军工电子,2022-08-05,2022-08-12,29.55,29.68,0.0044,-0.0406385835773137
603388,元成股份,建筑装饰,基础建设,2022-07-29,2022-08-12,7.8,8.2,0.0513,0.018865130593073
000632,三木集团,综合,综合,2022-06-24,2022-08-12,4.16,4.3,0.0337,-0.0851737401339077
003041,真爱美家,纺织服饰,服装家纺,2022-08-05,2022-08-12,12.05,12.45,0.0331,-0.0119385835773137
002058,威 尔 泰,机械设备,通用设备,2022-07-29,2022-08-12,14.23,14.08,-0.0105,-0.042934869406927
000608,阳光股份,房地产,房地产开发,2022-07-29,2022-08-05,3,2.8,-0.0667,-0.0546394748017415
002963,豪 尔 赛,建筑装饰,装修装饰,2022-07-22,2022-08-05,14.55,12.51,-0.1405,-0.153091164809045
301233,盛帮股份,汽车,汽车零部件,2022-07-22,2022-08-05,45.19,45.59,0.0087,-0.00389116480904488
301001,凯淳股份,商贸零售,互联网电商,2022-06-10,2022-08-05,25.73,24.02,-0.0664,-0.183205490721468
000593,德龙汇能,公用事业,燃气,2022-07-29,2022-08-05,6.4,5.9,-0.0781,-0.0660394748017415
000668,荣丰控股,医药生物,医药商业,2022-07-29,2022-08-05,13.34,13.08,-0.0195,-0.00743947480174149
301156,美农生物,基础化工,化学制品,2022-07-22,2022-07-29,15.02,14.99,-0.0017,-0.0266526318525237
300929,华骐环保,环保,环境治理,2022-07-15,2022-07-29,13.35,14.09,0.0551,-0.037846073490223
600202,哈 空 调,电力设备,其他电源设备,2022-07-08,2022-07-29,5.51,5.64,0.0235,-0.0444119765185248
002634,棒杰股份,纺织服饰,服装家纺,2022-07-08,2022-07-29,4.9,5.31,0.0837,0.0157880234814752
688622,禾信仪器,机械设备,通用设备,2022-07-22,2022-07-29,34.58,35.43,0.0246,-0.000352631852523721
301049,超越科技,环保,环境治理,2022-07-15,2022-07-22,24.01,30.19,0.2574,0.191061869315067
603388,元成股份,建筑装饰,基础建设,2022-07-15,2022-07-22,7.41,7.65,0.0324,-0.0339381306849336
688681,科汇股份,电力设备,电网设备,2022-07-15,2022-07-22,15.39,15.53,0.0088,-0.0575381306849336
000996,中国中期,汽车,汽车服务,2022-07-15,2022-07-22,6.49,6.77,0.0431,-0.0232381306849336
003041,真爱美家,纺织服饰,服装家纺,2022-07-08,2022-07-15,11.94,11.46,-0.0398,-0.0168948470570428
301125,腾亚精工,机械设备,通用设备,2022-06-24,2022-07-15,14.71,19.25,0.3088,0.317238437910865
002858,力盛体育,社会服务,体育,2022-07-08,2022-07-15,11.73,10.63,-0.0938,-0.0708948470570427
300295,三六五网,传媒,数字媒体,2022-07-01,2022-07-15,9.43,8.5,-0.0986,-0.0745558752912426
002660,茂硕电源,电子,消费电子,2022-06-02,2022-07-15,7.44,8.04,0.0805,0.0580791822831734
603388,元成股份,建筑装饰,基础建设,2022-07-01,2022-07-08,7.58,7.78,0.0264,0.0275656716533003
603272,联翔股份,轻工制造,家居用品,2022-06-17,2022-07-08,20.47,19.43,-0.0507,-0.0987224897861463
300992,泰福泵业,机械设备,通用设备,2022-07-01,2022-07-08,20.87,20.23,-0.0308,-0.0296343283466997
300621,维业股份,建筑装饰,装修装饰,2022-07-01,2022-07-08,9.05,8.6,-0.0496,-0.0484343283466997
300980,祥源新材,基础化工,塑料,2022-06-24,2022-07-01,22.71,26.78,0.1792,0.163209843894596
002858,力盛体育,社会服务,体育,2022-06-24,2022-07-01,11.11,12.32,0.1089,0.0929098438945963
600202,哈 空 调,电力设备,其他电源设备,2022-05-05,2022-07-01,4.59,5.22,0.1367,-0.0605293257619438
300698,万马科技,通信,通信设备,2022-06-24,2022-07-01,16.6,16.15,-0.0269,-0.0428901561054037
300295,三六五网,传媒,数字媒体,2022-04-18,2022-06-24,10.94,9.3,-0.1499,-0.198276565981686
002760,凤形股份,机械设备,通用设备,2022-06-17,2022-06-24,19.31,19.84,0.027,-0.00573201939415515
300621,维业股份,建筑装饰,装修装饰,2022-06-10,2022-06-24,9.22,8.72,-0.0544,-0.0975068191977138
002795,永和智控,机械设备,通用设备,2022-06-17,2022-06-24,5.2,5.71,0.0975,0.0647679806058449
300074,华平股份,计算机,软件开发,2022-06-10,2022-06-24,3.58,3.69,0.0307,-0.0124068191977138
000632,三木集团,综合,综合,2022-06-02,2022-06-17,4.14,4.06,-0.0193,-0.0177408890971294
300330,华虹计通,计算机,计算机设备,2022-06-10,2022-06-17,9.07,9.06,-0.0011,-0.0111459747627897
300929,华骐环保,环保,环境治理,2022-06-10,2022-06-17,12.82,13.47,0.0512,0.0411540252372103
300854,中兰环保,环保,环境治理,2022-06-02,2022-06-17,20.69,20.57,-0.0058,-0.00424088909712936
000608,阳光股份,房地产,房地产开发,2022-06-02,2022-06-10,2.95,2.92,-0.0102,0.00128966082299951
688171,纬德信息,计算机,软件开发,2022-06-02,2022-06-10,24.08,23.13,-0.0394,-0.0279103391770005
002899,英 派 斯,轻工制造,文娱用品,2022-06-02,2022-06-10,11.71,11.66,-0.0042,0.00728966082299952
600107,美 尔 雅,纺织服饰,服装家纺,2022-06-02,2022-06-10,5.6,5.59,-0.0018,0.00968966082299952
688622,禾信仪器,机械设备,通用设备,2022-06-02,2022-06-10,30.82,29.67,-0.0371,-0.0256103391770005
300330,华虹计通,计算机,计算机设备,2022-05-26,2022-06-02,8.55,9.32,0.0901,0.0413724069730665
300621,维业股份,建筑装饰,装修装饰,2022-05-05,2022-06-02,7.98,9.06,0.1359,-0.00692003486352957
300074,华平股份,计算机,软件开发,2022-04-18,2022-06-02,3.84,3.62,-0.0573,-0.0740338999843758
300929,华骐环保,环保,环境治理,2022-03-17,2022-06-02,16.11,13.02,-0.192,-0.190410738495177
000996,中国中期,汽车,汽车服务,2022-05-26,2022-06-02,6.03,6.49,0.0763,0.0275724069730665
002112,三变科技,电力设备,电网设备,2022-05-26,2022-06-02,5.38,5.65,0.0509,0.00217240697306648
300698,万马科技,通信,通信设备,2022-05-26,2022-06-02,15.25,15.28,0.002,-0.0467275930269335
600692,亚通股份,房地产,房地产开发,2022-04-25,2022-06-02,5.8,6.25,0.0773,-0.0752791262055114
003041,真爱美家,纺织服饰,服装家纺,2022-05-19,2022-05-26,11.55,11.47,-0.0071,-0.0117333726760679
603388,元成股份,建筑装饰,基础建设,2022-05-19,2022-05-26,7.42,7.23,-0.0256,-0.0302333726760679
600107,美 尔 雅,纺织服饰,服装家纺,2022-05-05,2022-05-26,5.07,5.93,0.1696,0.0798794257896678
301043,绿 岛 风,机械设备,通用设备,2022-05-19,2022-05-26,23.96,22.34,-0.0676,-0.0722333726760679
300854,中兰环保,环保,环境治理,2022-05-12,2022-05-19,19.82,18.78,-0.0525,-0.0877106334900979
300992,泰福泵业,机械设备,通用设备,2022-05-12,2022-05-19,20.8,19.89,-0.0441,-0.0793106334900979
300844,山水比德,建筑装饰,工程咨询服务,2022-05-12,2022-05-19,22.26,21.17,-0.0489,-0.0841106334900979
003041,真爱美家,纺织服饰,服装家纺,2022-05-05,2022-05-12,11.3,11.82,0.046,-0.00180104064642155
600250,南纺股份,商贸零售,贸易,2022-04-11,2022-05-12,6.4,5.17,-0.1922,-0.117603042863437
000632,三木集团,综合,综合,2022-03-31,2022-05-12,4.46,5.07,0.1368,0.25472863472176
301131,聚 赛 龙,基础化工,塑料,2022-04-25,2022-05-05,36.01,37.34,0.0368,0.0282605178030964
301004,嘉益股份,轻工制造,家居用品,2022-04-25,2022-05-05,11.5,12.6,0.0962,0.0876605178030964
002660,茂硕电源,电子,消费电子,2022-04-18,2022-05-05,7.14,6.07,-0.1502,-0.0398710496555038
300972,万辰生物,农林牧渔,种植业,2022-04-25,2022-05-05,12.09,12.67,0.0477,0.0391605178030964
301024,霍普股份,建筑装饰,工程咨询服务,2022-03-24,2022-04-25,33.39,25.24,-0.2442,-0.0858071647583591
600768,宁波富邦,有色金属,工业金属,2022-04-18,2022-04-25,9.58,8.15,-0.149,-0.0311380475036352
600647,同达创业,综合,综合,2022-04-18,2022-04-25,14.66,13.43,-0.0839,0.0339619524963648
301226,祥明智能,电力设备,电机,2022-04-11,2022-04-25,19.15,17.76,-0.0729,0.051392250140974
603030,全筑股份,建筑装饰,装修装饰,2022-04-11,2022-04-18,3.5,3.18,-0.0905,-0.0832105540195139
301057,汇隆新材,基础化工,化学纤维,2022-04-11,2022-04-18,19.51,19.7,0.0097,0.0169894459804861
301131,聚 赛 龙,基础化工,塑料,2022-03-31,2022-04-18,46.05,42.6,-0.075,-0.0212272254915526
000610,西安旅游,社会服务,酒店餐饮,2022-03-31,2022-04-18,9.28,9.5,0.0237,0.0774727745084474
000023,深天地Ａ,建筑材料,水泥,2022-04-11,2022-04-18,12.87,11.48,-0.108,-0.100710554019514
300074,华平股份,计算机,软件开发,2022-03-31,2022-04-11,4.56,4.04,-0.114,-0.0671753456838461
002112,三变科技,电力设备,电网设备,2022-03-17,2022-04-11,7.15,5.64,-0.2106,-0.199789050140987
000702,正虹科技,农林牧渔,饲料,2022-03-31,2022-04-11,5.63,5.4,-0.0409,0.0059246543161539
002856,美芝股份,建筑装饰,装修装饰,2022-03-31,2022-04-11,11.73,11.8,0.006,0.0528246543161539
300992,泰福泵业,机械设备,通用设备,2022-03-10,2022-04-11,29.17,22.9,-0.2149,-0.18455841693453
600768,宁波富邦,有色金属,工业金属,2022-03-24,2022-03-31,9.67,9.5,-0.0173,-0.025571357909158
300295,三六五网,传媒,数字媒体,2022-03-24,2022-03-31,13.3,14.4,0.0827,0.074428642090842
605155,西 大 门,轻工制造,家居用品,2022-03-24,2022-03-31,9.96,9.82,-0.0135,-0.021771357909158
605398,新炬网络,计算机,IT服务,2022-03-24,2022-03-31,15.14,13.79,-0.0888,-0.097071357909158
300931,通用电梯,机械设备,专用设备,2022-03-24,2022-03-31,9.84,9.79,-0.0049,-0.013171357909158
603030,全筑股份,建筑装饰,装修装饰,2022-03-24,2022-03-31,3.25,3.37,0.0368,0.028528642090842
001202,炬申股份,交通运输,物流,2022-03-10,2022-03-24,13.21,12,-0.0915,-0.100447435314914
600250,南纺股份,商贸零售,贸易,2022-03-10,2022-03-24,6.04,5.77,-0.0447,-0.0536474353149135
300796,贝 斯 美,基础化工,农化制品,2022-03-17,2022-03-24,7.18,7.18,0,-0.0292694187470044
301004,嘉益股份,轻工制造,家居用品,2022-03-17,2022-03-24,13.94,14.12,0.0128,-0.0164694187470044
002849,威星智能,机械设备,通用设备,2022-03-17,2022-03-24,10.76,10.24,-0.0479,-0.0771694187470044
301052,果麦文化,传媒,出版,2022-03-17,2022-03-24,22.76,26.52,0.165,0.135730581252996
000610,西安旅游,社会服务,酒店餐饮,2022-01-06,2022-03-24,8.48,9.06,0.0684,0.0635042921721112
600768,宁波富邦,有色金属,工业金属,2022-03-10,2022-03-17,9.95,9.05,-0.091,-0.0712559144749191
300192,科德教育,社会服务,教育,2022-02-17,2022-03-17,6.52,6.28,-0.0362,-0.0231700304972386
301059,金 三 江,基础化工,化学制品,2022-03-10,2022-03-17,10.18,8.72,-0.1433,-0.123555914474919
301070,开勒股份,机械设备,通用设备,2022-03-10,2022-03-17,24.84,22.25,-0.1041,-0.0843559144749191
600107,美 尔 雅,纺织服饰,服装家纺,2022-03-03,2022-03-17,6.87,6.8,-0.0102,0.0502136935179244
605398,新炬网络,计算机,IT服务,2022-03-10,2022-03-17,14.31,13.76,-0.0387,-0.0189559144749191
688565,力源科技,环保,环境治理,2022-03-03,2022-03-10,12.27,11.33,-0.0768,-0.0353112342682182
002849,威星智能,机械设备,通用设备,2022-02-24,2022-03-10,9.83,10.07,0.0244,0.029393467632749
300886,华业香料,美容护理,化妆品,2022-03-03,2022-03-10,27.41,25.79,-0.059,-0.0175112342682182
000702,正虹科技,农林牧渔,饲料,2022-03-03,2022-03-10,5.43,5.09,-0.0626,-0.0211112342682182
300972,万辰生物,农林牧渔,种植业,2022-02-24,2022-03-10,13.72,14.45,0.0535,0.058493467632749
300074,华平股份,计算机,软件开发,2022-02-24,2022-03-10,4.2,4.23,0.0071,0.012093467632749
603030,全筑股份,建筑装饰,装修装饰,2022-02-10,2022-03-10,3.27,2.98,-0.089,-0.103481011415281
301004,嘉益股份,轻工制造,家居用品,2022-02-17,2022-03-03,14.11,13.82,-0.0207,-0.0711304114356171
605033,美邦股份,基础化工,农化制品,2022-02-17,2022-03-03,17.93,17.55,-0.0209,-0.0713304114356171
300295,三六五网,传媒,数字媒体,2022-02-24,2022-03-03,10.33,10.47,0.0136,-0.0244749821121245
300992,泰福泵业,机械设备,通用设备,2022-02-17,2022-03-03,24.62,25.62,0.0404,-0.0100304114356171
001211,双枪科技,轻工制造,家居用品,2022-02-17,2022-02-24,29.02,27.65,-0.0475,-0.0594022513174854
000014,沙河股份,房地产,房地产开发,2022-02-17,2022-02-24,6.94,7,0.0092,-0.00270225131748535
301024,霍普股份,建筑装饰,工程咨询服务,2022-02-10,2022-02-24,34.68,31.76,-0.0843,-0.103872212256434
301052,果麦文化,传媒,出版,2022-02-10,2022-02-24,23.67,21.13,-0.1071,-0.126672212256434
300295,三六五网,传媒,数字媒体,2022-01-20,2022-02-17,11.88,10.35,-0.1288,-0.13747659258623
603903,中持股份,环保,环境治理,2022-02-10,2022-02-17,11.84,12.09,0.0206,0.0130202550898944
000702,正虹科技,农林牧渔,饲料,2022-01-27,2022-02-17,4.5,5.2,0.1556,0.063849949534526
600250,南纺股份,商贸零售,贸易,2022-01-27,2022-02-17,4.86,5.36,0.1029,0.011149949534526
688517,金冠电气,电力设备,电网设备,2022-01-13,2022-02-17,14.51,12.1,-0.1659,-0.13419582366088
300836,佰奥智能,机械设备,专用设备,2022-01-27,2022-02-17,15.85,17.73,0.1186,0.026849949534526
605033,美邦股份,基础化工,农化制品,2022-01-13,2022-02-10,19.29,17.16,-0.1103,-0.0713116008706288
001219,青岛食品,食品饮料,休闲食品,2022-01-27,2022-02-10,11.34,11.55,0.0187,-0.0648371155291316
300074,华平股份,计算机,软件开发,2022-01-20,2022-02-10,4.27,4.09,-0.0422,-0.0432885963931546
002856,美芝股份,建筑装饰,装修装饰,2022-01-27,2022-02-10,11.96,11.65,-0.0259,-0.109437115529132
300192,科德教育,社会服务,教育,2022-01-20,2022-01-27,7.28,6.05,-0.1686,-0.0925079880565841
002486,嘉 麟 杰,纺织服饰,纺织制造,2022-01-13,2022-01-27,3.25,2.86,-0.1196,-0.00652079588001094
301068,大地海洋,环保,环境治理,2022-01-06,2022-01-27,18.56,17.54,-0.0552,0.0387237731842491
300923,研奥股份,机械设备,轨交设备,2022-01-13,2022-01-27,31.47,26.53,-0.1572,-0.0441207958800109
301052,果麦文化,传媒,出版,2021-12-15,2022-01-27,24.7,22.84,-0.0754,-0.0511184974839049
300972,万辰生物,农林牧渔,种植业,2021-12-22,2022-01-20,16.05,15.41,-0.0396,-0.0584015926740317
300886,华业香料,美容护理,化妆品,2022-01-13,2022-01-20,30.53,26.49,-0.1321,-0.0920665847089657
002112,三变科技,电力设备,电网设备,2022-01-13,2022-01-20,6.47,6.09,-0.0599,-0.0198665847089657
001202,炬申股份,交通运输,物流,2021-12-29,2022-01-13,13.93,13.77,-0.0113,-0.0838435677331814
300295,三六五网,传媒,数字媒体,2021-12-01,2022-01-13,10.48,11.61,0.1078,-0.0145131070574659
605155,西 大 门,轻工制造,家居用品,2022-01-06,2022-01-13,11,11.1,0.0096,-0.0119976793246051
688501,青达环保,环保,环保设备,2021-12-29,2022-01-13,16.33,17.62,0.079,0.00645643226681862
002066,瑞泰科技,建筑材料,装修建材,2022-01-06,2022-01-13,11.23,10.71,-0.0458,-0.0673976793246051
688367,工大高科,机械设备,轨交设备,2021-12-29,2022-01-13,23.41,25.54,0.091,0.0184564322668186
605303,园林股份,建筑装饰,基础建设,2021-12-29,2022-01-06,15.73,15.97,0.0156,-0.0342688372532889
001211,双枪科技,轻工制造,家居用品,2021-12-29,2022-01-06,32.02,31.6,-0.0133,-0.063168837253289
000632,三木集团,综合,综合,2021-12-29,2022-01-06,3.66,3.84,0.0492,-0.000668837253288944
003023,彩虹集团,家用电器,小家电,2021-12-29,2022-01-06,19.27,19.6,0.0169,-0.032968837253289
002486,嘉 麟 杰,纺织服饰,纺织制造,2021-12-22,2021-12-29,2.83,2.74,-0.0317,-0.0212062838165749
002112,三变科技,电力设备,电网设备,2021-12-22,2021-12-29,6.26,6.18,-0.0122,-0.00170628381657491
000014,沙河股份,房地产,房地产开发,2021-12-22,2021-12-29,6.46,6.07,-0.0596,-0.0491062838165749
603030,全筑股份,建筑装饰,装修装饰,2021-12-22,2021-12-29,3.23,3.13,-0.0292,-0.0187062838165749
300635,中 达 安,建筑装饰,工程咨询服务,2021-12-22,2021-12-29,17.13,16.14,-0.0577,-0.0472062838165749
001209,洪兴股份,纺织服饰,服装家纺,2021-12-22,2021-12-29,18.74,19.07,0.0178,0.0282937161834251
605033,美邦股份,基础化工,农化制品,2021-12-22,2021-12-29,17.34,21.16,0.22,0.230493716183425
300074,华平股份,计算机,软件开发,2021-12-15,2021-12-22,4.03,4.15,0.0298,-0.00678805767380402
300585,奥联电子,汽车,汽车零部件,2021-12-08,2021-12-22,14.62,14.1,-0.0355,-0.115965490909025
300984,金沃股份,机械设备,通用设备,2021-12-15,2021-12-22,23.69,25.76,0.0873,0.050711942326196
001202,炬申股份,交通运输,物流,2021-12-15,2021-12-22,13.15,17.89,0.3607,0.324111942326196
688367,工大高科,机械设备,轨交设备,2021-12-08,2021-12-22,23.34,22.74,-0.0256,-0.106065490909025
300626,华瑞股份,电力设备,电机,2021-09-22,2021-12-22,11.12,10.49,-0.0564,-0.186681365312038
300689,澄天伟业,通信,通信设备,2021-12-15,2021-12-22,21.89,21.11,-0.0357,-0.072288057673804
300886,华业香料,美容护理,化妆品,2021-11-24,2021-12-22,30.03,29.63,-0.0135,-0.102299225485249
301070,开勒股份,机械设备,通用设备,2021-09-29,2021-12-15,22.53,26.11,0.159,-0.00484815751242776
300929,华骐环保,环保,环境治理,2021-12-08,2021-12-15,16.86,17.43,0.0337,-0.00862870802475386
605289,罗曼股份,建筑装饰,专业工程,2021-12-01,2021-12-15,22.48,28.2,0.2545,0.234325803543921
300844,山水比德,建筑装饰,工程咨询服务,2021-12-08,2021-12-15,27.77,30.19,0.0871,0.0447712919752461
300635,中 达 安,建筑装饰,工程咨询服务,2021-12-08,2021-12-15,16.08,16.11,0.0019,-0.0404287080247539
301068,大地海洋,环保,环境治理,2021-12-01,2021-12-08,18.29,16.01,-0.1247,-0.103445177602699
001211,双枪科技,轻工制造,家居用品,2021-12-01,2021-12-08,28.87,26.86,-0.0696,-0.0483451776026986
300984,金沃股份,机械设备,通用设备,2021-12-01,2021-12-08,21.73,20.6,-0.0519,-0.0306451776026986
301057,汇隆新材,基础化工,化学纤维,2021-12-01,2021-12-08,21.25,18.98,-0.1069,-0.0856451776026986
688681,科汇股份,电力设备,电网设备,2021-11-17,2021-12-08,23.72,20.67,-0.1284,-0.151116756304193
002634,棒杰股份,纺织服饰,服装家纺,2021-11-24,2021-12-01,5.4,6.2,0.1481,0.118503002189321
003023,彩虹集团,家用电器,小家电,2021-11-24,2021-12-01,20.22,20.24,0.0007,-0.0288969978106787
300992,泰福泵业,机械设备,通用设备,2021-11-24,2021-12-01,26.1,26.63,0.0204,-0.0091969978106787
688517,金冠电气,电力设备,电网设备,2021-11-24,2021-12-01,13.16,14.33,0.0887,0.0591030021893213
301073,君亭酒店,社会服务,酒店餐饮,2021-10-13,2021-12-01,12.84,12.8,-0.003,-0.0887597832059465
301052,果麦文化,传媒,出版,2021-11-17,2021-12-01,22.67,22.72,0.0023,-0.0426264831211704
300585,奥联电子,汽车,汽车零部件,2021-11-17,2021-11-24,14.06,14.66,0.0426,0.0277111790894027
301068,大地海洋,环保,环境治理,2021-10-13,2021-11-24,16.53,17.56,0.0627,0.00815168108037259
300984,金沃股份,机械设备,通用设备,2021-11-17,2021-11-24,20.33,20.61,0.0138,-0.00108882091059729
301057,汇隆新材,基础化工,化学纤维,2021-11-17,2021-11-24,19.21,20.45,0.0648,0.0499111790894027
300836,佰奥智能,机械设备,专用设备,2021-11-17,2021-11-24,18.77,18.94,0.0094,-0.00548882091059729
600107,美 尔 雅,纺织服饰,服装家纺,2021-11-10,2021-11-17,6.09,6.23,0.023,-0.0262880891183802
301004,嘉益股份,轻工制造,家居用品,2021-11-10,2021-11-17,13.25,13.72,0.0355,-0.0137880891183802
000610,西安旅游,社会服务,酒店餐饮,2021-11-10,2021-11-17,8.19,8.29,0.0122,-0.0370880891183802
003041,真爱美家,纺织服饰,服装家纺,2021-11-10,2021-11-17,15.77,18.39,0.166,0.11671191088162
300995,奇德新材,基础化工,塑料,2021-11-10,2021-11-17,26.52,27.52,0.0376,-0.0116880891183802
300929,华骐环保,环保,环境治理,2021-11-10,2021-11-17,16.78,18.33,0.0923,0.0430119108816198
301052,果麦文化,传媒,出版,2021-11-03,2021-11-10,19.7,21.25,0.0785,0.0341536825241286
300972,万辰生物,农林牧渔,种植业,2021-10-27,2021-11-10,12.92,15.44,0.1946,0.138171659772985
605033,美邦股份,基础化工,农化制品,2021-09-29,2021-11-10,15.69,14.44,-0.08,-0.120498622178217
301057,汇隆新材,基础化工,化学纤维,2021-09-22,2021-11-10,19.9,18.14,-0.0885,-0.0633225176585745
605289,罗曼股份,建筑装饰,专业工程,2021-11-03,2021-11-10,19.88,22.85,0.1495,0.105153682524129
002981,朝阳科技,电子,消费电子,2021-11-03,2021-11-10,15.44,15.91,0.03,-0.0143463174758714
003023,彩虹集团,家用电器,小家电,2021-10-27,2021-11-03,18.32,19.22,0.0492,0.0376310189551442
000610,西安旅游,社会服务,酒店餐饮,2021-10-20,2021-11-03,7.95,7.83,-0.0151,0.0271825148280771
301010,晶雪节能,建筑材料,装修建材,2021-10-27,2021-11-03,20.35,19.54,-0.04,-0.0515689810448558
001202,炬申股份,交通运输,物流,2021-10-20,2021-10-27,12.38,11.74,-0.0514,0.00183561406292765
301072,中捷精工,汽车,汽车零部件,2021-10-20,2021-10-27,21.25,26.29,0.2371,0.290335614062928
301052,果麦文化,传媒,出版,2021-10-13,2021-10-27,21.8,20.02,-0.0818,-0.0191747022276694
688517,金冠电气,电力设备,电网设备,2021-09-29,2021-10-20,12.56,11.73,-0.0662,-0.106502287153506
002760,凤形股份,机械设备,通用设备,2021-08-16,2021-10-20,23.97,23.19,-0.0324,-0.0505439809281083
600250,南纺股份,商贸零售,贸易,2021-10-13,2021-10-20,4.83,4.98,0.0311,0.0410176562288087
002634,棒杰股份,纺织服饰,服装家纺,2021-09-29,2021-10-13,4.83,4.84,0.0021,-0.0486229966257441
301037,保 立 佳,基础化工,化学制品,2021-09-22,2021-10-13,18.99,16.4,-0.1364,-0.120801531246846
002112,三变科技,电力设备,电网设备,2021-09-13,2021-10-13,6.32,5.57,-0.1191,-0.0891902592901864
300295,三六五网,传媒,数字媒体,2021-09-29,2021-10-13,9.63,9.99,0.0374,-0.0133229966257441
300886,华业香料,美容护理,化妆品,2021-09-22,2021-09-29,25.46,23.79,-0.0658,-0.00268016195335888
688701,卓锦股份,环保,环境治理,2021-09-22,2021-09-29,13.85,12.59,-0.0909,-0.0277801619533589
301052,果麦文化,传媒,出版,2021-09-06,2021-09-29,25.71,20.33,-0.2092,-0.151678372480254
001211,双枪科技,轻工制造,家居用品,2021-09-22,2021-09-29,29.35,27.37,-0.0673,-0.00418016195335888
000610,西安旅游,社会服务,酒店餐饮,2021-08-23,2021-09-29,9.31,8.22,-0.1171,-0.086451115633509
300929,华骐环保,环保,环境治理,2021-09-13,2021-09-22,19.41,18.23,-0.061,-0.0464619568312408
300923,研奥股份,机械设备,轨交设备,2021-09-13,2021-09-22,29.91,28.43,-0.0497,-0.0351619568312408
002066,瑞泰科技,建筑材料,装修建材,2021-09-13,2021-09-22,10.43,10.37,-0.0065,0.00803804316875918
688681,科汇股份,电力设备,电网设备,2021-09-06,2021-09-22,19.26,17.66,-0.0835,-0.0894753752446021
688517,金冠电气,电力设备,电网设备,2021-09-06,2021-09-22,13.05,13.72,0.0515,0.0455246247553979
600768,宁波富邦,有色金属,工业金属,2021-09-13,2021-09-22,9.28,8.84,-0.0477,-0.0331619568312408
600107,美 尔 雅,纺织服饰,服装家纺,2021-08-30,2021-09-13,6.16,6.25,0.0146,-0.0316973776514819
300972,万辰生物,农林牧渔,种植业,2021-08-30,2021-09-13,13.73,14.34,0.0449,-0.00139737765148189
300710,万隆光电,通信,通信设备,2021-08-30,2021-09-13,22.84,31.41,0.375,0.328702622348518
688565,力源科技,环保,环境治理,2021-09-06,2021-09-13,12.8,12.7,-0.0077,-0.0285160429442881
300295,三六五网,传媒,数字媒体,2021-08-30,2021-09-13,10.25,11.24,0.0966,0.0503026223485181
300626,华瑞股份,电力设备,电机,2021-08-30,2021-09-06,10.13,9.93,-0.0196,-0.0445617302581759
301022,海 泰 科,汽车,汽车零部件,2021-08-30,2021-09-06,28.67,29.07,0.0142,-0.0107617302581759
688226,威腾电气,电力设备,电网设备,2021-08-30,2021-09-06,15.13,16.1,0.0638,0.0388382697418241
301043,绿 岛 风,机械设备,通用设备,2021-08-23,2021-09-06,31.68,30.8,-0.0277,-0.0562128486105586
001202,炬申股份,交通运输,物流,2021-08-23,2021-08-30,12.31,12.1,-0.0169,-0.0203646350664118
300192,科德教育,社会服务,教育,2021-08-02,2021-08-30,7,8,0.1423,0.0802370498620856
300923,研奥股份,机械设备,轨交设备,2021-08-23,2021-08-30,28.95,30.07,0.0388,0.0353353649335882
301024,霍普股份,建筑装饰,工程咨询服务,2021-08-02,2021-08-30,36.86,32.45,-0.1196,-0.181662950137914
300929,华骐环保,环保,环境治理,2021-08-23,2021-08-30,17.05,16.85,-0.0116,-0.0150646350664118
301037,保 立 佳,基础化工,化学制品,2021-08-23,2021-08-30,17.52,17.02,-0.0281,-0.0315646350664118
301004,嘉益股份,轻工制造,家居用品,2021-07-05,2021-08-30,14.79,12.9,-0.1277,-0.187291380127875
300295,三六五网,传媒,数字媒体,2021-07-19,2021-08-23,11.7,10.77,-0.0795,-0.144733518147391
300585,奥联电子,汽车,汽车零部件,2021-07-26,2021-08-23,13.1,13.93,0.0632,-0.0102738035792029
300710,万隆光电,通信,通信设备,2021-08-16,2021-08-23,21.15,19.92,-0.058,-0.0676446082063135
688681,科汇股份,电力设备,电网设备,2021-08-16,2021-08-23,18.66,17.82,-0.0449,-0.0545446082063135
300992,泰福泵业,机械设备,通用设备,2021-08-02,2021-08-23,25.52,30.61,0.1992,0.140804005737956
688517,金冠电气,电力设备,电网设备,2021-08-16,2021-08-23,12.62,12.01,-0.0484,-0.0580446082063135
300626,华瑞股份,电力设备,电机,2021-08-02,2021-08-16,10.07,10.02,-0.0049,-0.0531856894985455
003041,真爱美家,纺织服饰,服装家纺,2021-08-09,2021-08-16,15.06,15.32,0.0173,-0.00861615602392539
300972,万辰生物,农林牧渔,种植业,2021-08-09,2021-08-16,15.32,17.77,0.1596,0.133683843976075
301022,海 泰 科,汽车,汽车零部件,2021-08-09,2021-08-16,28.08,32.39,0.1537,0.127783843976075
002112,三变科技,电力设备,电网设备,2021-08-02,2021-08-09,5.64,5.61,-0.004,-0.0258044460488043
002272,川润股份,机械设备,工程机械,2021-08-02,2021-08-09,5.56,5.77,0.0369,0.0150955539511957
000610,西安旅游,社会服务,酒店餐饮,2021-05-07,2021-08-09,8.86,8.35,-0.0574,-0.220391502128724
688501,青达环保,环保,环保设备,2021-07-19,2021-08-02,14.97,12.92,-0.1365,-0.142960269995744
300074,华平股份,计算机,软件开发,2021-07-19,2021-08-02,4.27,4.17,-0.0234,-0.0298602699957439
301022,海 泰 科,汽车,汽车零部件,2021-07-26,2021-08-02,26.72,27.06,0.0127,-0.00154590550124982
688226,威腾电气,电力设备,电网设备,2021-07-26,2021-08-02,14.12,15.39,0.0903,0.0760540944987502
300796,贝 斯 美,基础化工,农化制品,2021-07-26,2021-08-02,7.46,7.12,-0.0463,-0.0605459055012498
605289,罗曼股份,建筑装饰,装修装饰,2021-07-26,2021-08-02,18.57,19.25,0.0367,0.0224540944987502
300626,华瑞股份,电力设备,电机,2021-07-05,2021-07-26,9.64,9.39,-0.0258,-0.00945973557423725
300984,金沃股份,机械设备,通用设备,2021-07-19,2021-07-26,18.74,18.22,-0.0278,-0.0201237200532169
002066,瑞泰科技,建筑材料,装修建材,2021-07-19,2021-07-26,9.88,9.22,-0.0667,-0.0590237200532169
002272,川润股份,机械设备,通用设备,2021-06-28,2021-07-26,5.06,5.54,0.0946,0.100008910441375
300995,奇德新材,基础化工,塑料,2021-07-19,2021-07-26,26.83,25.91,-0.034,-0.0263237200532169
688067,爱威科技,医药生物,医疗器械,2021-07-12,2021-07-19,31.95,30.34,-0.0503,-0.0240650650323455
300808,久量股份,电子,光学光电子,2021-07-05,2021-07-19,15.29,14.13,-0.0757,-0.0669689938737783
688367,工大高科,机械设备,轨交设备,2021-07-12,2021-07-19,23.5,22.05,-0.0619,-0.0356650650323455
605155,西 大 门,基础化工,化学制品,2021-07-05,2021-07-19,11.49,10.41,-0.0938,-0.0850689938737783
688565,力源科技,环保,环境治理,2021-07-12,2021-07-19,12.9,12.35,-0.0426,-0.0163650650323455
300710,万隆光电,通信,通信设备,2021-07-12,2021-07-19,20.36,18.18,-0.107,-0.0807650650323455
300984,金沃股份,机械设备,通用设备,2021-06-28,2021-07-12,20.59,19.7,-0.043,-0.0722882185849179
300074,华平股份,计算机,软件开发,2021-07-05,2021-07-12,4.29,4.29,0,-0.0179755153167787
688517,金冠电气,电力设备,电网设备,2021-06-21,2021-07-12,12.88,12.31,-0.044,-0.0758434973283919
605289,罗曼股份,建筑装饰,装修装饰,2021-07-05,2021-07-12,21.14,21.18,0.0022,-0.0157755153167787
300710,万隆光电,通信,通信设备,2021-06-04,2021-07-05,21.53,20.96,-0.0265,-0.0771133016015953
002760,凤形股份,机械设备,通用设备,2021-06-11,2021-07-05,21.5,25.58,0.1896,0.166425568641306
002066,瑞泰科技,建筑材料,装修建材,2021-06-28,2021-07-05,9.72,9.84,0.013,0.00188705759821849
300836,佰奥智能,机械设备,专用设备,2021-06-28,2021-07-05,20.08,19.78,-0.0153,-0.0264129424017815
300491,通合科技,电力设备,电池,2021-06-11,2021-07-05,13.21,18.52,0.4019,0.378725568641306
688067,爱威科技,医药生物,医疗器械,2021-06-21,2021-07-05,30.97,31.05,0.0025,-0.011123099772982
300585,奥联电子,汽车,汽车零部件,2021-06-21,2021-06-28,13.39,13.13,-0.0194,-0.0218825687279186
600714,金瑞矿业,基础化工,化学原料,2021-06-21,2021-06-28,7.92,7.48,-0.0564,-0.0588825687279186
300074,华平股份,计算机,软件开发,2021-06-11,2021-06-28,4.35,4.11,-0.0552,-0.0671289235169535
688681,科汇股份,电力设备,电网设备,2021-06-21,2021-06-28,18.77,18.55,-0.0118,-0.0142825687279186
688565,力源科技,环保,环境治理,2021-05-21,2021-06-21,12.45,13.04,0.0481,-0.0361334629721864
300626,华瑞股份,电力设备,电机,2021-06-11,2021-06-21,8.97,9.05,0.0089,-0.000522961639145244
300295,三六五网,传媒,数字媒体,2021-06-11,2021-06-21,11.71,11.62,-0.0077,-0.0171229616391452
002272,川润股份,机械设备,通用设备,2021-06-11,2021-06-21,5.1,5.02,-0.0153,-0.0247229616391453
300808,久量股份,电子,光学光电子,2021-06-11,2021-06-21,13.63,14.44,0.059,0.0495770383608548
600714,金瑞矿业,基础化工,化学原料,2021-05-14,2021-06-11,6.24,8.45,0.3536,0.282875284068758
600692,亚通股份,房地产,房地产开发,2021-06-04,2021-06-11,6.29,6.2,-0.0143,-0.0411173924229755
300585,奥联电子,汽车,汽车零部件,2021-06-04,2021-06-11,12.55,12.7,0.0119,-0.0149173924229755
000632,三木集团,综合,综合,2021-06-04,2021-06-11,4.12,3.77,-0.085,-0.111817392422976
300430,诚 益 通,机械设备,通用设备,2021-06-04,2021-06-11,9.55,8.98,-0.06,-0.0868173924229755
605155,西 大 门,基础化工,化学制品,2021-06-04,2021-06-11,11.32,10.94,-0.0335,-0.0603173924229755
688215,瑞晟智能,机械设备,专用设备,2021-06-04,2021-06-11,27.05,27.43,0.0143,-0.0125173924229755
002066,瑞泰科技,建筑材料,装修建材,2021-05-28,2021-06-04,9.01,8.81,-0.0215,-0.0441536833654496
300074,华平股份,计算机,软件开发,2021-05-28,2021-06-04,3.82,3.88,0.0157,-0.0069536833654496
300295,三六五网,传媒,数字媒体,2021-05-07,2021-06-04,10.7,11.11,0.0383,-0.0475696643849399
300491,通合科技,电力设备,电池,2021-05-21,2021-06-04,12.28,12.71,0.0349,-0.0111595558233448
002159,三特索道,社会服务,旅游及景区,2021-05-21,2021-06-04,12.04,11.31,-0.061,-0.107059555823345
300808,久量股份,电子,光学光电子,2021-05-28,2021-06-04,13.25,13.39,0.011,-0.0116536833654496
300626,华瑞股份,电力设备,电机,2021-05-07,2021-06-04,7.55,8.17,0.083,-0.00286966438493992
600250,南纺股份,商贸零售,贸易,2021-05-14,2021-05-28,5.63,5.07,-0.0995,-0.119161506912137
688395,正弦电气,机械设备,自动化设备,2021-05-14,2021-05-28,25.52,25.49,-0.0011,-0.0207615069121371
002849,威星智能,机械设备,通用设备,2021-05-21,2021-05-28,8.35,8.25,-0.0118,-0.0346873887989811
002272,川润股份,机械设备,通用设备,2021-05-07,2021-05-21,5.14,5.4,0.0494,0.0113427896433095
688260,昀冢科技,电子,消费电子,2021-05-14,2021-05-21,17.83,22.03,0.2354,0.238553701885631
300074,华平股份,计算机,软件开发,2021-05-14,2021-05-21,3.87,3.79,-0.0207,-0.0175462981143686
600692,亚通股份,房地产,房地产开发,2021-05-07,2021-05-21,6.37,6.21,-0.025,-0.0630572103566905
600367,红星发展,基础化工,化学原料,2021-04-27,2021-05-14,7.27,7.76,0.0676,0.0309313931310232
002066,瑞泰科技,建筑材料,装修建材,2021-05-07,2021-05-14,9.32,9.33,0.001,-0.0403412903476458
300491,通合科技,电力设备,电池,2021-05-07,2021-05-14,11.49,12.1,0.053,0.0116587096523542
300689,澄天伟业,通信,通信设备,2021-05-07,2021-05-14,18.64,20.67,0.1087,0.0673587096523542
002159,三特索道,社会服务,旅游及景区,2021-05-07,2021-05-14,11.12,11.43,0.0278,-0.0135412903476458
603032,德新交运,交通运输,铁路公路,2021-03-01,2021-05-07,8.6,8.09,-0.0596,-0.0903062694842673
000014,沙河股份,房地产,房地产开发,2021-04-27,2021-05-07,6.35,6.18,-0.0265,-0.0220128222399506
300585,奥联电子,汽车,汽车零部件,2021-04-27,2021-05-07,11.9,11.43,-0.0394,-0.0349128222399506
600793,宜宾纸业,轻工制造,造纸,2021-04-27,2021-05-07,11.08,12.78,0.1534,0.157887177760049
300591,万 里 马,纺织服饰,服装家纺,2021-04-27,2021-05-07,6.17,6.49,0.0519,0.0563871777600494
688683,莱尔科技,电子,消费电子,2021-04-27,2021-05-07,14.12,14.25,0.0089,0.0133871777600494
605318,法 狮 龙,建筑材料,装修建材,2021-04-06,2021-05-07,15.06,13.17,-0.1251,-0.114110747052472
002943,宇晶股份,机械设备,通用设备,2021-04-27,2021-05-07,9.57,9.03,-0.0566,-0.0521128222399506
688013,天臣医疗,医药生物,医疗器械,2021-04-27,2021-05-07,24.63,24.87,0.0095,0.0139871777600494
688329,艾隆科技,机械设备,专用设备,2021-04-20,2021-04-27,26.11,24.87,-0.0474,-0.0135082515345151
600706,曲江文旅,社会服务,旅游及景区,2021-04-06,2021-04-27,7.3,7,-0.0411,-0.0345686173374958
300491,通合科技,电力设备,电池,2021-04-13,2021-04-27,13.29,14.04,0.0562,0.0459917424498044
688668,鼎通科技,通信,通信设备,2021-04-20,2021-04-27,18.27,18.26,-0.0007,0.0331917484654849
688616,西力科技,电力设备,电网设备,2021-04-20,2021-04-27,11.46,10.88,-0.0513,-0.0174082515345151
603955,大千生态,建筑装饰,基础建设,2021-04-20,2021-04-27,16.13,13.69,-0.1511,-0.117208251534515
688659,元琛科技,基础化工,化学制品,2021-04-13,2021-04-27,13.22,12.86,-0.0274,-0.0376082575501956
300282,三盛教育,社会服务,教育,2021-04-20,2021-04-27,4.39,4.07,-0.0729,-0.0390082515345151
600793,宜宾纸业,轻工制造,造纸,2021-03-29,2021-04-20,13.13,11.85,-0.0975,-0.137117698493321
000632,三木集团,综合,综合,2021-04-13,2021-04-20,3.49,3.61,0.0344,-0.0112470648559666
600078,澄星股份,基础化工,农化制品,2021-04-13,2021-04-20,3.11,3.13,0.0063,-0.0393470648559666
000605,渤海股份,环保,环境治理,2021-04-13,2021-04-20,5.69,5.67,-0.0035,-0.0491470648559666
300591,万 里 马,纺织服饰,服装家纺,2021-01-04,2021-04-20,7.1,6.22,-0.1239,-0.168886367873669
000430,张 家 界,社会服务,旅游及景区,2021-04-06,2021-04-13,4.76,4.84,0.0183,0.0348704844398067
688329,艾隆科技,机械设备,专用设备,2021-04-06,2021-04-13,25.58,24.52,-0.0414,-0.0248295155601933
688092,爱科科技,机械设备,专用设备,2021-03-29,2021-04-13,23.2,21.74,-0.063,-0.0572338418331659
688616,西力科技,电力设备,电网设备,2021-03-29,2021-04-13,10.99,11.01,0.0021,0.00786615816683412
002514,宝馨科技,机械设备,通用设备,2021-04-06,2021-04-13,4.1,3.94,-0.039,-0.0224295155601933
688679,通源环境,环保,环境治理,2021-03-29,2021-04-06,14.82,15.13,0.0206,0.00961362415707239
000695,滨海能源,轻工制造,包装印刷,2021-03-29,2021-04-06,6.18,5.69,-0.0793,-0.0902863758429276
605255,天普股份,汽车,汽车零部件,2021-03-29,2021-04-06,14.58,16.29,0.1175,0.106513624157072
003007,直真科技,计算机,软件开发,2021-03-29,2021-04-06,22.16,21.7,-0.0209,-0.0318863758429276
300592,华凯创意,建筑装饰,装修装饰,2021-03-29,2021-04-06,11.97,12.64,0.0565,0.0455136241570724
003023,彩虹集团,家用电器,小家电,2021-03-22,2021-03-29,20.86,20.57,-0.0141,-0.00307725392054781
300849,锦盛新材,轻工制造,包装印刷,2021-03-15,2021-03-29,13.8,13.94,0.0104,-0.0202891888609071
000430,张 家 界,社会服务,旅游及景区,2021-03-15,2021-03-29,5.02,5.1,0.0156,-0.0150891888609071
002943,宇晶股份,机械设备,通用设备,2021-03-22,2021-03-29,9.4,9.14,-0.0285,-0.0174772539205478
002514,宝馨科技,机械设备,通用设备,2021-03-15,2021-03-29,3.94,4.65,0.1802,0.149510811139093
300786,国林科技,环保,环保设备,2021-03-22,2021-03-29,12.78,12.15,-0.0496,-0.0385772539205478
603863,松炀资源,轻工制造,造纸,2021-03-22,2021-03-29,10.25,10.15,-0.0098,0.0012227460794522
002159,三特索道,社会服务,旅游及景区,2021-03-22,2021-03-29,11.82,12.06,0.0205,0.0315227460794522
003036,泰坦股份,机械设备,专用设备,2021-03-15,2021-03-22,9.55,11.84,0.2398,0.197623160467035
605155,西 大 门,基础化工,化学制品,2021-03-08,2021-03-22,11.57,11.94,0.0319,0.00669720115825374
605255,天普股份,汽车,汽车零部件,2021-02-22,2021-03-22,13.58,15.32,0.1287,0.0510858238546661
600367,红星发展,基础化工,化学原料,2021-03-01,2021-03-22,7.57,8,0.0571,0.01477704879737
300074,华平股份,计算机,软件开发,2021-03-15,2021-03-22,3.64,3.67,0.0082,-0.0339768395329649
300084,海默科技,机械设备,专用设备,2021-03-08,2021-03-15,4.25,4.06,-0.0447,-0.0284128978045364
300282,三盛教育,社会服务,教育,2021-03-08,2021-03-15,4.23,3.99,-0.0567,-0.0404128978045364
002943,宇晶股份,机械设备,通用设备,2021-02-01,2021-03-15,9.16,8.83,-0.0356,-0.135590825467434
300606,金 太 阳,机械设备,通用设备,2021-03-08,2021-03-15,12.49,11.99,-0.04,-0.0237128978045364
002272,川润股份,机械设备,通用设备,2021-03-08,2021-03-15,4.97,5.26,0.0591,0.0753871021954636
000014,沙河股份,房地产,房地产开发,2021-03-01,2021-03-08,6.46,6.42,-0.0062,-0.0228992836736553
003036,泰坦股份,机械设备,专用设备,2021-03-01,2021-03-08,9.83,9.64,-0.0189,-0.0355992836736553
688679,通源环境,环保,环境治理,2021-03-01,2021-03-08,14.28,14.38,0.0067,-0.00999928367365525
600793,宜宾纸业,轻工制造,造纸,2021-02-22,2021-03-08,12.23,13.86,0.1333,0.0821770637743078
300592,华凯创意,建筑装饰,装修装饰,2021-02-22,2021-03-08,13.21,14.36,0.087,0.0358770637743078
603059,倍 加 洁,轻工制造,家居用品,2021-02-22,2021-03-01,20.61,21.98,0.0663,0.0324417558713592
000702,正虹科技,农林牧渔,饲料,2021-01-04,2021-03-01,6.01,5.17,-0.1398,-0.11489820465879
002272,川润股份,机械设备,通用设备,2021-01-11,2021-03-01,4.59,4.67,0.0192,-0.0700975416629296
002622,融钰集团,电力设备,电网设备,2021-02-08,2021-03-01,1.94,2.41,0.2423,0.0740923938127785
688080,映 翰 通,通信,通信设备,2021-02-22,2021-03-01,30.33,29.52,-0.0266,-0.0604582441286408
300849,锦盛新材,轻工制造,包装印刷,2021-02-08,2021-02-22,12.53,13.77,0.0987,-0.0312495001578417
688056,莱伯泰科,机械设备,通用设备,2021-02-08,2021-02-22,27.54,30.6,0.1114,-0.0185495001578417
300780,德恩精工,机械设备,通用设备,2021-02-08,2021-02-22,12.86,14.46,0.1242,-0.00574950015784168
605318,法 狮 龙,建筑材料,装修建材,2021-02-08,2021-02-22,13.15,13.35,0.0152,-0.114749500157842
300430,诚 益 通,机械设备,通用设备,2021-02-08,2021-02-22,6.65,7.54,0.1337,0.00375049984215833
300606,金 太 阳,机械设备,通用设备,2021-02-01,2021-02-08,11.32,10.35,-0.0855,-0.026973608076439
300282,三盛教育,社会服务,教育,2021-02-01,2021-02-08,3.8,3.53,-0.0711,-0.012573608076439
603032,德新交运,交通运输,铁路公路,2021-02-01,2021-02-08,5.28,4.98,-0.0566,0.00192639192356102
300592,华凯创意,建筑装饰,装修装饰,2021-01-25,2021-02-08,13.22,10.48,-0.2071,-0.123966533683295
600692,亚通股份,房地产,房地产开发,2021-02-01,2021-02-08,6.05,6,-0.0082,0.050326391923561
603863,松炀资源,轻工制造,造纸,2021-01-25,2021-02-08,9.95,8.86,-0.1095,-0.026366533683295
300849,锦盛新材,轻工制造,包装印刷,2021-01-18,2021-02-01,15.93,14.16,-0.1106,-0.0669987247710322
300074,华平股份,计算机,软件开发,2021-01-25,2021-02-01,3.57,3.44,-0.0364,-0.0102632350582618
002622,融钰集团,电力设备,电网设备,2021-01-25,2021-02-01,2.27,2.13,-0.0617,-0.0355632350582618
300836,佰奥智能,机械设备,专用设备,2021-01-18,2021-02-01,23.91,22.65,-0.0527,-0.00909872477103216
605318,法 狮 龙,建筑材料,装修建材,2021-01-25,2021-02-01,13.57,13.23,-0.0255,0.000636764941738224
300430,诚 益 通,机械设备,通用设备,2021-01-11,2021-01-25,7.29,7.29,0,-0.016998641908327
300839,博汇股份,石油石化,炼化及贸易,2021-01-18,2021-01-25,9.07,8.79,-0.0308,-0.012866773178695
605155,西 大 门,基础化工,化学制品,2021-01-11,2021-01-25,10.28,14.74,0.4348,0.417801358091673
300594,朗进科技,机械设备,轨交设备,2021-01-18,2021-01-25,23.33,21.89,-0.0619,-0.043966773178695
300818,耐普矿机,机械设备,通用设备,2021-01-18,2021-01-25,13.03,12,-0.0791,-0.061166773178695
600367,红星发展,基础化工,化学原料,2021-01-11,2021-01-18,6.77,6.62,-0.0218,-0.0573697491083695
600962,国投中鲁,农林牧渔,农产品加工,2021-01-04,2021-01-18,9.35,7.7,-0.1765,-0.103503104783458
603006,联明股份,汽车,汽车零部件,2021-01-04,2021-01-18,10.71,8.02,-0.2508,-0.177803104783458
300074,华平股份,计算机,软件开发,2021-01-11,2021-01-18,3.69,3.75,0.0163,-0.0192697491083695
300592,华凯创意,建筑装饰,装修装饰,2021-01-04,2021-01-18,12.5,10.88,-0.1298,-0.0568031047834584
600593,大连圣亚,社会服务,旅游及景区,2021-01-04,2021-01-11,18.45,18.99,0.0293,0.134137597292107
300344,太空智造,计算机,软件开发,2021-01-04,2021-01-11,4.43,5.25,0.1851,0.289937597292107
603903,中持股份,环保,环境治理,2021-01-04,2021-01-11,10.13,9.27,-0.0854,0.0194375972921065
688679,通源环境,环保,环境治理,2021-01-04,2021-01-11,14.62,12.77,-0.1267,-0.0218624027078935
000695,滨海能源,轻工制造,包装印刷,2021-01-04,2021-01-11,6.78,5.19,-0.2345,-0.129662402707894
